Candidato;Partido;Coligação;Situação;Votação;Receita_total
ABDO LCARIM MAZLOUM;PDT;PDT;Suplente;12360;166137,62
ABEL LIMA RIVERO;PEN;PEN;Não eleito;1531;1150,14
ABIMAEL SANTOS SOUSA;PSOL;PSOL / PSTU;Suplente;4232;2300
ABRÃO GEORGES RESTOM;PMDB;PMDB / PROS / PP / PSD;Suplente;940;48639,94
ADALBERTO APARECIDO DOS SANTOS;PTB;PTB;Suplente;749;3576
ADALBERTO FELIX MARTINS;PHS;PHS / PRP;Não eleito;553;455
ADAURY CAMPOS DE BARROS;PTB;PTB;Suplente;2761;6745,35
ADAUTO APARECIDO SCARDOELLI;PT;PT / PC do B;Suplente;62607;2464290,52
ADEILDE MARY ALVES ANTUNES;PMN;PSL / PTN / PMN / PTC / PT do B;Suplente;2943;2749
ADEL CHARAF EDDINE;PMDB;PMDB / PROS / PP / PSD;Suplente;9436;107764,77
ADELAIDE PEREIRA DE SOUSA;SD;SD;Suplente;568;8795,53
ADELMIRO DE SOUZA BARCELLOS;PT do B;PSL / PTN / PMN / PTC / PT do B;Suplente;163;1177,4
ADELSON DE SOUZA PENHA;PV;PV;Não eleito;0;4000
ADEMIR ALBANO LOPES;PT do B;PSL / PTN / PMN / PTC / PT do B;Suplente;5491;19159,14
ADERMIS MARINI JUNIOR;PSDB;PSDB / DEM / PPS;Suplente;25389;139140,61
ADILSON BARROSO OLIVEIRA;PEN;PEN;Não eleito;35238;1368087,69
ADILSON MARCOS NICOLETTI;PEN;PEN;Não eleito;7559;110086,28
ADIZIO ALVES BEZERRA;PMN;PSL / PTN / PMN / PTC / PT do B;Suplente;157;693,5
ADLER ALFREDO JARDIM TEIXEIRA;PSC;PSC;Suplente;31720;219647,07
ADMIR GERVASIO MOREIRA;PTN;PSL / PTN / PMN / PTC / PT do B;Suplente;3339;22596,02
ADRIANA APARECIDA PAONE;PSOL;PSOL / PSTU;Suplente;905;4288
ADRIANA ESTEVES;PHS;PHS / PRP;Não eleito;408;0
ADRIANA LEA SANTOS ALMEIDA NEVES;PRB;PRB;Suplente;848;19797,7
ADRIANA RODRIGUES DE OLIVEIRA;PT do B;PSL / PTN / PMN / PTC / PT do B;Suplente;447;1395,6
ADRIANA SILVA RENAUT CAVALHEIRO;PTC;PSL / PTN / PMN / PTC / PT do B;Suplente;796;2155
ADRIANA SIMÕES DE ARAUJO;PV;PV;Suplente;1617;111,11
ADRIANO DIOGO;PT;PT / PC do B;Suplente;54904;1624480,73
ADRIANO ELI CORREA;DEM;PSDB / DEM / PPS;Eleito por QP;134138;1107579,77
ADRIANO LEME IKE;PSC;PSC;Suplente;770;2476,84
ADRIANO VITAL DA SILVA;PRB;PRB;Suplente;1024;5757,24
AGNALDO SAMPAIO;PTC;PSL / PTN / PMN / PTC / PT do B;Suplente;658;979,97
AGOSTINHO FERREIRA GOMES;PSOL;PSOL / PSTU;Suplente;1330;8500
AGRIPINO BARBOSA MACEDO;PRTB;PRTB;Não eleito;2857;13535,03
AGUINALDO OLIVEIRA DA ROCHA;PMN;PSL / PTN / PMN / PTC / PT do B;Suplente;679;19265
AGUINALDO TRIUMPHO AVELLAR;PMDB;PMDB / PROS / PP / PSD;Suplente;1524;17389,27
AHMAD SAID MOURAD;PEN;PEN;Não eleito;7587;131808
AIDAN ANTONIO RAVIN;PSB;PSB;Suplente;50473;132439,52
AILTON AMARAL DOS SANTOS;PSOL;PSOL / PSTU;Suplente;1120;1225
AILTON JOSÉ DE LIMA;SD;SD;Suplente;20640;290970,41
AILTON VICENTE DE OLIVEIRA;PHS;PHS / PRP;Não eleito;3719;878
AJURICABA DE SOUZA MENEZES;PMDB;PMDB / PROS / PP / PSD;Suplente;905;16869,82
AKIKO AKIYAMA;PSOL;PSOL / PSTU;Suplente;1634;1125
ALAN APARECIDO CHIQUETTO DE OLIVEIRA;SD;SD;Suplente;2521;100062,72
ALBERI JOSÉ THOMAZ DE SOUZA JUNIOR;PTB;PTB;Suplente;121;0
ALBERT HENRY HORNETT;PV;PV;Suplente;803;0
ALBERTINA ALEXANDRE DA SILVA;PSC;PSC;Suplente;351;0
ALBERTO BETÃO PEREIRA JUSTINO;PT do B;PSL / PTN / PMN / PTC / PT do B;Suplente;15190;455617,87
ALBERTO RIBEIRO SILVA;PTB;PTB;Suplente;2909;14515,95
ALDO JOSIAS DOS SANTOS;PSOL;PSOL / PSTU;Suplente;2466;15695,68
ALESSANDER BARREIRA VIGNA;PSC;PSC;Suplente;2489;12660,52
ALESSANDRA DE PAIVA LIMA;PSTU;PSOL / PSTU;Suplente;510;1255,92
ALESSANDRO FERREIRA LOPES;PV;PV;Suplente;703;0
ALEX DA MATA SILVA;PSOL;PSOL / PSTU;Suplente;1922;10106
ALEX JUNIOR VIANA DE FREITAS;PSOL;PSOL / PSTU;Suplente;564;250
ALEX NAVARRA GONÇALVES;PRB;PRB;Suplente;701;25689,4
ALEX PEREIRA DE MATOS;PSB;PSB;Suplente;10650;164411,18
ALEX SPINELLI MANENTE;PPS;PSDB / DEM / PPS;Eleito por QP;164760;1187824,03
ALEX VATUTIN HATO;PMDB;PMDB / PROS / PP / PSD;Suplente;27715;392726,14
ALEXANDRE APARECIDO PORFIRIO;PDT;PDT;Suplente;598;7860,53
ALEXANDRE BREVIGLIERI ALVES CASTILHO;PSOL;PSOL / PSTU;Suplente;4488;15170,19
ALEXANDRE DOS SANTOS RODRIGUES;PSB;PSB;Suplente;19488;191624,76
ALEXANDRE EVARISTO CUNHA;PT;PT / PC do B;Suplente;34768;635903,64
ALEXANDRE GASPARINI JUNIOR;PSB;PSB;Suplente;2563;0
ALEXANDRE GOMES FERREIRA;PTB;PTB;Suplente;4043;3221,55
ALEXANDRE LEITE DA SILVA;DEM;PSDB / DEM / PPS;Eleito por médi;109708;4246008,71
ALEXANDRE MORATO DE SALES;PEN;PEN;Não eleito;1369;745
ALEXANDRE RUFINO DE LIMA;PMDB;PMDB / PROS / PP / PSD;Suplente;1046;111773,7
ALEXANDRE SANTANA SALLY;PEN;PEN;Não eleito;1303;105240
ALEXANDRO DE ARAUJO;PT;PT / PC do B;Suplente;10549;122262,8
ALFREDO LUIZ ONDAS;PMDB;PMDB / PROS / PP / PSD;Suplente;5487;18653,87
ALINE CATARINE GONDIM;PSOL;PSOL / PSTU;Suplente;502;150
ALINE CRISTINA FERNANDES DA ROCHA;PSB;PSB;Suplente;455;0
ALINE LEMOS CORRÊA DE OLIVEIRA ANDRADE;PP;PMDB / PROS / PP / PSD;Não eleito;0;219200
ALLINE  DE OLIVEIRA SANTANA;PSC;PSC;Suplente;310;0
ALLINY FERNANDA ROGERIO;SD;SD;Suplente;4638;116486,15
ALOYSIO SANTOS PASSOS;SD;SD;Suplente;1232;21505,29
ALUIZIO LEONARDO;PDT;PDT;Não eleito;0;10933,889999999
ALVARO CESAR JORGE;PSDC;PSDC;Não eleito;300;0
ALVARO LUIZ PINTO PANTALEÃO;PSB;PSB;Suplente;402;2830
ALVARO ORNELLAS;PMDB;PMDB / PROS / PP / PSD;Suplente;495;1951
AMELIA NAOMI OMURA;PT;PT / PC do B;Suplente;77831;1201076,26
AMÉLIA ROSA DO NASCIMENTO;PMDB;PMDB / PROS / PP / PSD;Suplente;257;10394,5
AMILTON PACHECO DA SILVA;PSB;PSB;Suplente;2349;13212,72
AMIRAH SABA;PRB;PRB;Suplente;645;4559
ANA CECILIA CATTAN;PTB;PTB;Suplente;544;3677,8
ANA LIDIA DE OLIVEIRA AGUIAR;PT;PT / PC do B;Suplente;5649;15000
ANA LUCIA CORDEIRO BEZERRA;PT do B;PSL / PTN / PMN / PTC / PT do B;Suplente;201;1102,4
ANA LUCIA LIPPAUS PERUGINI;PT;PT / PC do B;Eleito por QP;121681;1100485,85
ANA MARIA DE OLIVEIRA;PRB;PRB;Não eleito;0;8645,0799999999
ANA MARIA MONTEIRO CRAVEIRO BRISOTTI;PSDB;PSDB / DEM / PPS;Suplente;2107;200
ANA PAULA  OLIVEIRA GUIMARÃES;PHS;PHS / PRP;Não eleito;1999;6797,7
ANA PEREIRA DA SILVA;PSB;PSB;Suplente;605;8530,46
ANAÍ CAPRONI PINTO;PCO;PCO;Não eleito;962;967,41999999999
ANDERSON BENEVIDES DOS SANTOS;PSC;PSC;Suplente;38163;925976,86999999
ANDERSON DELBUE GIANETTI;PDT;PDT;Suplente;1891;31968,299999999
ANDERSON DOS SANTOS;PTN;PSL / PTN / PMN / PTC / PT do B;Suplente;850;5700,2699999999
ANDERSON DOS SANTOS SILVA;PSDB;PSDB / DEM / PPS;Suplente;3302;6667,46
ANDERSON NÓBREGA;PR;PR;Suplente;11230;101902,99999999
ANDERSON NUNES DA SILVA;PRP;PHS / PRP;Não eleito;0;1862,5
ANDRÉ ALBEJANTE MAZON;PV;PV;Suplente;4530;98298,19
ANDRE BELIZARIO JACINTO;PT do B;PSL / PTN / PMN / PTC / PT do B;Suplente;112;3227,3999999999
ANDRÉ ELIAS RODINI LUIZ;PV;PV;Suplente;4149;12115,2
ANDRE LUIZ CAGNI;PV;PV;Suplente;6574;34918,76
ANDRE LUIZ MARQUESANI DOMINGOS;PSDC;PSDC;Não eleito;492;1863,8299999999
ANDRÉ LUIZ MIRAGAIA MENDES;PV;PV;Suplente;3234;24620
ANDRÉ MARTINS MACHADO;PV;PV;Suplente;251;6825
ANDRÉ RUBENS TRINDADE;DEM;PSDB / DEM / PPS;Suplente;3961;41160
ANDREA FERNANDEZ GRIFFO;PSL;PSL / PTN / PMN / PTC / PT do B;Suplente;678;0
ANDREA LETICIA DE SOUZA BARROS;PRP;PHS / PRP;Não eleito;250;0
ANDRÉA MARCIA DA SILVA OLIVEIRA;PRB;PRB;Suplente;200;4666,46
ANDREA PIRES DA SILVEIRA COSTA;PEN;PEN;Não eleito;249;1224
ANDREA SILVA MARTINS;PMDB;PMDB / PROS / PP / PSD;Suplente;443;20394,5
ANDRÉIA CRISTINA BELTRAN DE ATAÍDE;PDT;PDT;Suplente;492;10794,389999999
ANDREIA OLIVEIRA DA SILVA ENGUE;PSC;PSC;Suplente;258;0
ANDRES NAVARRO SANCHEZ;PT;PT / PC do B;Eleito por QP;169834;2134926,67
ANDREZA CALABRIA GALAN;PSB;PSB;Não eleito;14335;126125,58
ANGELO DOMINGOS NUCCI;PV;PV;Suplente;535;126125,58
ANGELO MAXIMO XAVIER PINTO;PV;PV;Suplente;535;130
ANISIO COSTA CASTELO BRANCO;PHS;PHS / PRP;Não eleito;178;0
ANITA LIMA BEZERRA NINI;PP;PMDB / PROS / PP / PSD;Suplente;884;689
ANIVALDO LAURINDO FERREIRA;PSOL;PSOL / PSTU;Suplente;1313;10250
ANSELMO AUGUSTO BRANCO BASTOS;PRB;PRB;Suplente;1236;138
ANSELMO NEVES MAIA;PRB;PRB;Não eleito;0;7600,07
ANSELMO PIRES DA SILVA NETO;PSOL;PSOL / PSTU;Suplente;1503;1295
ANTENOR NOGUEIRA LIMA;PRTB;PRTB;Não eleito;402;747,92
ANTONIA CHAGAS MORO;PR;PR;Suplente;1122;4098
ANTONIA DORANILDES ALMEIDA PEREIRA TANG;SD;SD;Suplente;1702;15682,91
ANTONIA EDNA SANTOS DE SOUZA;PPS;PSDB / DEM / PPS;Suplente;2277;59925,29
ANTONIO ADOLPHO LOBBE NETO;PSDB;PSDB / DEM / PPS;Suplente;77793;406480,35999999
ANTONIO ALEXANDRE GALDI DELGADO;PSDC;PSDC;Não eleito;400;0
ANTÔNIO APARECIDO FIRMINO;SD;SD;Suplente;919;0
ANTÔNIO BARBOSA AGUIAR;PT do B;PSL / PTN / PMN / PTC / PT do B;Suplente;294;1044,4
ANTONIO CARLOS ALVES DA SILVA;PV;PV;Suplente;8619;12420
ANTONIO CARLOS DE MENDES THAME;PSDB;PSDB / DEM / PPS;Suplente;106676;1622711,06
ANTONIO CARLOS DELA COLETA;PHS;PHS / PRP;Não eleito;465;6403,55
ANTONIO CARLOS ESTABILE;PRB;PRB;Suplente;707;4659,8599999999
ANTONIO CARLOS LIMEIRAS;PSOL;PSOL / PSTU;Suplente;151;300
ANTONIO CARLOS MARTINS DE BULHÕES;PRB;PRB;Eleito por QP;137939;232500,2
ANTONIO CARLOS RIVELLI;PR;PR;Suplente;850;18148
ANTONIO CICERO DA SILVA;PRP;PHS / PRP;Não eleito;3023;4281,1
ANTONIO CLAUDIO FELISBINO JUNIOR;PV;PV;Suplente;5380;22722,85
ANTÔNIO DA CUNHA LIMA;SD;SD;Suplente;2938;267005
ANTONIO DE JESUS ROCHA;PSOL;PSOL / PSTU;Suplente;4999;27399
ANTONIO DELBUCIO NETO;SD;SD;Suplente;251;14717,91
ANTÔNIO DONIZETE FERREIRA;PSTU;PSOL / PSTU;Suplente;22854;117406,99
ANTONIO DUARTE NOGUEIRA JUNIOR;PSDB;PSDB / DEM / PPS;Eleito por QP;254051;4438052,9399999
ANTONIO FERREIRA PINTO;PMDB;PMDB / PROS / PP / PSD;Suplente;12114;333135,97
ANTONIO FLORIANO PEREIRA PESARO;PSDB;PSDB / DEM / PPS;Eleito por médi;113949;2572639,0699999
ANTONIO FRANCISCO DE OLIVEIRA;PSOL;PSOL / PSTU;Suplente;1287;3846,1999999999
ANTÔNIO GOMES DA SILVA;PT do B;PSL / PTN / PMN / PTC / PT do B;Suplente;249;0
ANTONIO GOULART DOS REIS;PSD;PMDB / PROS / PP / PSD;Eleito por médi;92546;947085,43
ANTÔNIO MARIA ANDRADE COELHO JÚNIOR;PCO;PCO;Não eleito;171;0
ANTONIO MONTEIRO;PMN;PSL / PTN / PMN / PTC / PT do B;Suplente;5436;7914,38
ANTONIO OCILIO VASCONCELOS DA SILVA;PSOL;PSOL / PSTU;Suplente;950;3870
ANTONIO OLIVA DE ARAUJO;PEN;PEN;Não eleito;590;2220
ANTONIO RODRIGUES SANDOVAL;PSC;PSC;Suplente;1223;11716,139999999
ANTONIO SOBREIRA DE LIMA;PMN;PSL / PTN / PMN / PTC / PT do B;Suplente;312;3388
ANTONIO YOSIAKI MURAKI;PTB;PTB;Não eleito;0;10245,049999999
APARECIDO BARBOSA LIMA;PSB;PSB;Suplente;790;0
APARECIDO CARLOS AFONSO;PSDB;PSDB / DEM / PPS;Suplente;3015;285,47
APARECIDO MARIN;PHS;PHS / PRP;Não eleito;1085;885,5
APARECIDO MOREIRA DA SILVA;PMN;PSL / PTN / PMN / PTC / PT do B;Suplente;1057;4124
APARECIDO RUBENS DE ANDRADE;PMN;PSL / PTN / PMN / PTC / PT do B;Suplente;447;5031,4
ARACI DE OLIVEIRA;SD;SD;Suplente;86;2842,65
ARLEI MEDEIROS DA MATA;PSOL;PSOL / PSTU;Suplente;8612;151253,05
ARLEM SPENCER SCORSATO;PMN;PSL / PTN / PMN / PTC / PT do B;Suplente;528;608
ARLINDO CHIGNALIA JUNIOR;PT;PT / PC do B;Eleito por QP;135772;4834358,2499999
ARLINDO MUNUERA JUNIOR;PRP;PHS / PRP;Não eleito;801;0
ARNALDO CALIL PEREIRA JARDIM;PPS;PSDB / DEM / PPS;Eleito por QP;155278;4805922,75
ARNALDO FARIA DE SÁ;PTB;PTB;Eleito por QP;112940;1925128,97
AROLDO PEREIRA DE SOUZA;PTB;PTB;Não eleito;0;1677,8
ARYENE MARTINS ALMEIDA;PMDB;PMDB / PROS / PP / PSD;Suplente;324;28259,619999999
AUDEIDE CARDOSO;PR;PR;Suplente;213;5598
AUDES LUIS MEIRA LUBAS;PMDB;PMDB / PROS / PP / PSD;Suplente;314;21548,01
AUDIE LORENVAL FIORAMONTE;PSDB;PSDB / DEM / PPS;Suplente;3343;635,85
AUGUSTO JOSE PORTELLA;PR;PR;Suplente;1497;17036,299999999
AURORA DOS SANTOS;PTB;PTB;Suplente;195;4163,1999999999
AZENOR MARQUES FERREIRA;PTC;PSL / PTN / PMN / PTC / PT do B;Suplente;278;0
AZIZ NACIM;PRP;PHS / PRP;Não eleito;1399;2627,5
AZOR LOPES DA SILVA JUNIOR;PRP;PHS / PRP;Não eleito;14936;23624,4
BALBINA DE OLIVEIRA DE PAULA SANTOS;PMDB;PMDB / PROS / PP / PSD;Não eleito;0;385864,01999999
BAZELAU RAMOS;PV;PV;Suplente;15550;270403,64999999
BEN HUR APARECIDO DA SILVA;PSOL;PSOL / PSTU;Não eleito;0;0
BENEDITA  APARECIDA MARQUETI;PHS;PHS / PRP;Não eleito;211;688
BENEDITO FERNANDES COSTA;PRB;PRB;Suplente;1242;23665,44
BENEDITO ISMAEL PEREIRA;PMN;PSL / PTN / PMN / PTC / PT do B;Suplente;135;5028,55
BENEDITO ROBERTO ALVES FERREIRA;PRB;PRB;Eleito por QP;130516;144899,25
BENEDITO RODRIGUES CORREA;PEN;PEN;Não eleito;3047;1448
BENEDITO VIEIRA COELHO;PRTB;PRTB;Não eleito;512;14200
BENVINDO FLAUSINO ALVES;PSDC;PSDC;Não eleito;162;2951,5
BRAZ BELLO JUNIOR;PMDB;PMDB / PROS / PP / PSD;Suplente;2389;51275,74
BRUNA DIAS FURLAN;PSDB;PSDB / DEM / PPS;Eleito por QP;178606;2714931,47
BRUNA LEE LAGES DE ALMEIDA;PMDB;PMDB / PROS / PP / PSD;Suplente;2123;69699,759999999
BRUNO COVAS LOPES;PSDB;PSDB / DEM / PPS;Eleito por QP;352708;3547342,39
BRUNO MAGALHÃES SILVIANO;PSOL;PSOL / PSTU;Suplente;2071;3850
CAIO JULIO CESAR DEZORZI;PT;PT / PC do B;Suplente;3281;49694
CANDIDO ELPIDIO DE SOUZA VACCAREZZA;PT;PT / PC do B;Suplente;50535;2675942,9199999
CARLOS  ALBERTO DA FONSECA;PEN;PEN;Não eleito;6646;17694,369999999
CARLOS ALBERTO ADÃO;PRB;PRB;Suplente;848;18712,399999999
CARLOS ALBERTO BUENO TOMANIK;PRP;PHS / PRP;Não eleito;405;120
CARLOS ALBERTO CLARO DE ALMEIDA;PRTB;PRTB;Não eleito;83;400,93
CARLOS ALBERTO DE SOUZA;PV;PV;Não eleito;0;0
CARLOS ALBERTO PEREIRA;PRP;PHS / PRP;Não eleito;635;1050,5
CARLOS ALBERTO REZENDE LOPES;PT;PT / PC do B;Suplente;5507;95226,5
CARLOS ALBERTO ROLIM ZARATTINI;PT;PT / PC do B;Eleito por QP;138286;6244292,85
CARLOS ALBERTO VAZ;PMDB;PMDB / PROS / PP / PSD;Suplente;588;0
CARLOS ALBERTO VIDAL TONON JUNIOR;PMDB;PMDB / PROS / PP / PSD;Suplente;443;16843,04
CARLOS ALEXANDRE RAMOS;PHS;PHS / PRP;Não eleito;9049;55692,79
CARLOS ANTONIO FERREIRA DOS SANTOS;PEN;PEN;Não eleito;0;58052,85
CARLOS ANTONIO LAPIQUE MARTINEZ;PTN;PSL / PTN / PMN / PTC / PT do B;Suplente;2002;53994,12
CARLOS ANTONIO MAURICIO DA SILVA;PRB;PRB;Suplente;1715;4581,8599999999
CARLOS BENEDITO MAZZON;PMN;PSL / PTN / PMN / PTC / PT do B;Suplente;492;2531
CARLOS CARNEIRO;PTB;PTB;Suplente;142;0
CARLOS CÉSAR BERQUE;PV;PV;Suplente;6283;6902,6999999999
CARLOS DA SILVA TREVISAN;PTB;PTB;Suplente;684;3262,6999999999
CARLOS DIOGO DE PADUA;PEN;PEN;Não eleito;179;2000
CARLOS FERNANDO SANTOS ANTUNES;PRTB;PRTB;Não eleito;422;4785,01
CARLOS HENRIQUE FOCESI SAMPAIO;PSDB;PSDB / DEM / PPS;Eleito por QP;295623;3001405,07
CARLOS HENRIQUE MARTINS DE OLIVEIRA;PEN;PEN;Não eleito;0;180
CARLOS JOSE FAVARO CARRASCO;PTC;PSL / PTN / PMN / PTC / PT do B;Suplente;1898;8274,95
CARLOS MUNETACHI HAYASHIDA;PV;PV;Suplente;2501;31764
CARLOS ROBERTO DE ALMEIDA;PTB;PTB;Não eleito;0;1232,25
CARLOS SUSSUMO SHINODA;PSD;PMDB / PROS / PP / PSD;Suplente;895;9916,3899999999
CARMELA ANDREA VILARDO;PTB;PTB;Suplente;303;3655,95
CAROLINA VIEIRA DA SILVA;PSDB;PSDB / DEM / PPS;Suplente;2915;490
CASSIA MURER MONTAGNER;PT;PT / PC do B;Suplente;1505;64114
CÁSSIO VIEIRA PEREIRA DOS SANTOS;SD;SD;Suplente;1683;103739,17999999
CELI REGINA DA CRUZ;PT;PT / PC do B;Suplente;6224;110956,72
CÉLIA LOPES DO CARMO;SD;SD;Suplente;55;2842,65
CELMA LOPES DA SILVA;PR;PR;Suplente;909;3758
CELSO ANARUMA;PMN;PSL / PTN / PMN / PTC / PT do B;Suplente;91;2396
CELSO DA COSTA TORRES;PT;PT / PC do B;Suplente;753;34612,36
CELSO HENRIQUE;PSDB;PSDB / DEM / PPS;Suplente;4284;19084,54
CELSO ORLANDO GALLI;PRP;PHS / PRP;Não eleito;543;497,3
CELSO REIMANN LUZ;PRB;PRB;Suplente;303;0
CELSO UBIRAJARA RUSSOMANNO;PRB;PRB;Eleito por QP;1524361;497,3
CESAR TAYAR;PCB;PCB;Não eleito;970;640
CHRISTIAN SCACALOSSI NAKABASHI;PSDC;PSDC;Não eleito;0;3106,6399999999
CHRISTINA GONÇALVES BORMANN CATALANI;PRTB;PRTB;Não eleito;65;305,92
CICERO CARLOS FERNANDES DO NASCIMENTO;PSL;PSL / PTN / PMN / PTC / PT do B;Suplente;1759;6341,84
CICERO NOVAIS;PSDC;PSDC;Não eleito;854;2711,5
CICERO RAMOS CHAVES;PEN;PEN;Não eleito;47;0
CILENE GADELHA BERNARDINO;PSTU;PSOL / PSTU;Suplente;112;642,62999999999
CINTIA APARECIDA DA SILVA;PTB;PTB;Suplente;623;3621
CIRO BATELLI CARVALHO;PSC;PSC;Suplente;1008;12381,84
CLARICE JUSTINO AUGUSTO;PSB;PSB;Suplente;619;0
CLARICE MATIAS DA SILVA;PEN;PEN;Não eleito;120;0
CLAUDEMIR SERENO;PEN;PEN;Não eleito;661;290
CLAUDENICE DA SILVA BONATE;PV;PV;Não eleito;0;0
CLÁUDIA GOMES MAIA;PHS;PHS / PRP;Não eleito;30;0
CLAUDIA PAOLA SAAVEDRA SCHUSTER;PSL;PSL / PTN / PMN / PTC / PT do B;Suplente;176;2100
CLAUDINEI ALEXANDRE PIRES;SD;SD;Suplente;1541;155333,92999999
CLAUDINEI DE OLIVEIRA BARBOSA;PSL;PSL / PTN / PMN / PTC / PT do B;Suplente;3871;11010
CLAUDIO ALVES DOS SANTOS;PSOL;PSOL / PSTU;Suplente;181;10166,4
CLAUDIO DONIZETI BUENO;PEN;PEN;Não eleito;992;1200
CLAUDIO FERREIRA SILVA;PTN;PSL / PTN / PMN / PTC / PT do B;Suplente;1249;7250,27
CLAUDIO JOSÉ DE OLIVEIRA GONÇALVES;PTN;PSL / PTN / PMN / PTC / PT do B;Suplente;712;219,44999999999
CLAUDIO JOSÉ XAVIER MENON;PTB;PTB;Suplente;357;219,44999999999
CLAUDIO PERESSIM;PEN;PEN;Não eleito;4095;68446,91
CLAUDIO ROBERTO NAVA;PSL;PSL / PTN / PMN / PTC / PT do B;Suplente;3374;16195
CLÁUDIO ROGÉRIO DA SILVEIRA MODESTO;SD;SD;Suplente;1668;18142,86
CLAUDIO TOSCANO DE ARAUJO;PSB;PSB;Suplente;3260;7507,46
CLEBER ADRIANO DE FARIA;PTC;PSL / PTN / PMN / PTC / PT do B;Suplente;718;1576,25
CLEBER ARAUJO BARBOSA;PTN;PSL / PTN / PMN / PTC / PT do B;Suplente;3149;3029
CLEOMENES ANTUNES JUNIOR;PSDB;PSDB / DEM / PPS;Suplente;2612;6790
CLEUSA MARIA AMARANTE;PSDC;PSDC;Não eleito;163;0
CLEVERSON SPERBER;PRB;PRB;Suplente;9944;79940,7
CLODOALDO ARMANDO GAZZETTA;PV;PV;Suplente;48836;79944,699999999
CONCEIÇÃO APARECIDA PEDROSO;PSL;PSL / PTN / PMN / PTC / PT do B;Suplente;6;213135,32
CONCEIÇÃO MICILLO;PV;PV;Suplente;2618;2002,55
COSME ANTONIO EUZÉBIO DA SILVA;PMDB;PMDB / PROS / PP / PSD;Suplente;1152;16329,27
COSME DAMIÃO GERALDINO;PSB;PSB;Suplente;1727;4439,6499999999
CREUSA LIMA DA SILVA;PSOL;PSOL / PSTU;Suplente;241;1350
CRISTIANE APARECIDA MOURÃO;PSDC;PSDC;Não eleito;90;3552,1599999999
CRISTIANE BARBOZA CONCEIÇÃO;PRTB;PRTB;Não eleito;43;300,88999999999
CRISTIANO EURIPEDES SOARES RODRIGUES DA SILVA;PHS;PHS / PRP;Não eleito;3255;35957,6
CRISTIANO ROGER CANUTO;PEN;PEN;Não eleito;472;0
CYBELE GONÇALVES FRANZI;SD;SD;Suplente;824;9345,53
DALILA CAMARGO;PRP;PHS / PRP;Não eleito;418;0
DALILA RITA VITOR DOS SANTOS DA SILVA;PRP;PHS / PRP;Não eleito;93;312,5
DALVA DE OLIVEIRA;PRB;PRB;Suplente;118;5304,24
DAMARIS  DIAS MOURA KUO;PTB;PTB;Suplente;27137;44872,35
DAMIÃO JOSÉ DA SILVA;PV;PV;Não eleito;0;350
DANIEL CALDEIRA MATEUS;PSL;PSL / PTN / PMN / PTC / PT do B;Não eleito;0;62000
DANIEL DE FREITAS CASTILHO;PMN;PSL / PTN / PMN / PTC / PT do B;Suplente;571;3166,8299999999
DANIEL FERNANDES;PTB;PTB;Suplente;184;0
DANIEL JERONIMO BRANDÃO;PRB;PRB;Suplente;577;0
DANTE JOSE DE OLIVEIRA E PEIXOTO;PSOL;PSOL / PSTU;Suplente;2086;5349,9999999999
DAVI CICHETTO DE MORAES;PTN;PSL / PTN / PMN / PTC / PT do B;Suplente;348;3080
DAVI LOPES DE LIMA;PEN;PEN;Não eleito;558;2965,76
DAYANE DE FATIMA LIMA DA COSTA;PRP;PHS / PRP;Não eleito;95;0
DEBORA ELOISA JUSTINO ROCHA;PV;PV;Suplente;4262;3955
DEBORA FARIAS CABRAL;SD;SD;Suplente;1164;8835,53
DEBORA MARCELINO DA SILVA CARDOSO;PSB;PSB;Suplente;1098;0
DÉBORA MARIA MARAGNI PEREIRA DE ABREU;SD;SD;Suplente;5369;257449,96
DECIO COUTO CLEMENTE;PEN;PEN;Não eleito;728;2100
DEISE MARA DO NASCIMENTO;PV;PV;Suplente;523;0
DEJAIR DIAS DA SILVA;PEN;PEN;Não eleito;2117;15045,36
DEJANIRA APARECIDA BENTO;PRP;PHS / PRP;Não eleito;75;0
DÉLBIO CAMARGO TERUEL;PSD;PMDB / PROS / PP / PSD;Suplente;18444;78258,61
DELDI TEIXEIRA SILVA;PHS;PHS / PRP;Não eleito;552;783
DELIO DE BARROS VELLOSO;PRB;PRB;Suplente;166;107138
DELMA REIS NICOLAU;PRP;PHS / PRP;Não eleito;88;557,5
DENIS AMBROSIO DA SILVA;PHS;PHS / PRP;Não eleito;473;0
DENISE FORCHETTI TIGRE CAETANO;PT;PT / PC do B;Suplente;6016;25480
DENISE MARIA AYRES DE ABREU;PEN;PEN;Não eleito;0;0
DENISE SINEIDE DE MARIA SOARES;PROS;PMDB / PROS / PP / PSD;Suplente;1215;5288,97
DEUSDEDIT DE PAULA MIQUELINO JUNIOR;PHS;PHS / PRP;Não eleito;2757;37810,81
DEVANIR RIBEIRO;PT;PT / PC do B;Suplente;60808;1248971,61
DIANA PAULA ANDRADE JULIÃO;PRB;PRB;Suplente;90;1928
DIDACIO MILHOMENS BARROS;PSB;PSB;Suplente;1991;0
DIEGO GOMES FREITAS;PEN;PEN;Não eleito;208;1115
DIEGO RODRIGO AMADOR BUENO DE CAMARGO E BELFORT ORTIZ MONTEIRO;PSC;PSC;Suplente;12979;185273,49
DILZA MIEKO MURAMOTO SHIROMA;PEN;PEN;Não eleito;2162;452,19999999999
DIMITRI AURELIO DA SILVEIRA;PSOL;PSOL / PSTU;Suplente;789;1940,04
DINA MARA ZACARIAS DA COSTA;PTB;PTB;Suplente;120;11576
DINIZ LOPES DOS SANTOS;PR;PR;Suplente;13716;218949,75
DIOGO BATISTA SOARES;PMDB;PMDB / PROS / PP / PSD;Suplente;4855;30669,89
DIOGO FERNANDO SIMPLICIO DA SILVA;PSDC;PSDC;Não eleito;0;0
DIRCE TERRIANO;PPS;PSDB / DEM / PPS;Suplente;159;3120
DJALMA GONÇALVES GUIRRA;PSDB;PSDB / DEM / PPS;Suplente;492;830
DOMINGOS ALEXSANDRO COSTA MOTA;PSOL;PSOL / PSTU;Suplente;1996;26088,75
DOMINGOS BENEDITO DE MOURA E SILVA;PEN;PEN;Não eleito;87;0
DONIZETE ANTONIO MARCELINO;PSOL;PSOL / PSTU;Suplente;616;6000
DORA LICKUNAS;PEN;PEN;Não eleito;105;0
DORALICE MARIA DE JESUS SILVA;PV;PV;Suplente;602;0
DOUGLAS AUGUSTO PINHEIRO DE OLIVEIRA;PPS;PSDB / DEM / PPS;Suplente;13533;58270
DOUGLAS ELIAS BELCHIOR;PSOL;PSOL / PSTU;Suplente;11710;10715,349999999
DUCIMAR DE JESUS CARDOSO;PR;PR;Suplente;11724;180363,5
DULCE REGINA DE CARVALHO CENEVIVA;PSDB;PSDB / DEM / PPS;Suplente;2669;9015
DULCINEIA DIVINA FERIGATO;PMDB;PMDB / PROS / PP / PSD;Não eleito;0;0
DURVAL MORELLI NETO;PP;PMDB / PROS / PP / PSD;Suplente;1331;850
EDERSON GONÇALVES DE OLIVEIRA;PRP;PHS / PRP;Não eleito;785;2802,5
EDINALVA BARNABE ALVES DE AZEVEDO;PRB;PRB;Suplente;2171;1277,3999999999
EDINORÁ MARIA DO NASCIMENTO JESUS;SD;SD;Suplente;1252;13723,76
EDISON MATEUS DA SILVA;PEN;PEN;Não eleito;5832;7889,6499999999
EDIVALDO REBOUÇAS SANTANA;PHS;PHS / PRP;Não eleito;296;44203,8
EDIVALDO SILVA MEIRA;PTB;PTB;Suplente;4696;320
EDIVANDA TAVARES BOTELHO ANTONIO;PSDB;PSDB / DEM / PPS;Suplente;155;14349,23
EDMAR DIAS BRITO;PSB;PSB;Suplente;1976;200
EDMAR LUZ DE ALMEIDA;PMDB;PMDB / PROS / PP / PSD;Suplente;1285;1656,63
EDMARA FERNANDES;PROS;PMDB / PROS / PP / PSD;Suplente;11;16893,869999999
EDMILSON TEIXEIRA DOS SANTOS;PSDB;PSDB / DEM / PPS;Não eleito;0;77192
EDMILSON TOMBI DE LIMA;PRP;PHS / PRP;Não eleito;307;312,5
EDNA SANDRA MARTINS;PV;PV;Suplente;38378;447534,72
EDNÉIA DE OLIVEIRA;PRTB;PRTB;Não eleito;264;4647,93
EDSON DA CRUZ;PHS;PHS / PRP;Não eleito;1250;4276,76
EDSON DA PAZ;PT;PT / PC do B;Suplente;2331;13222,5
EDSON EDINHO COELHO ARAUJO;PMDB;PMDB / PROS / PP / PSD;Eleito por QP;112780;790367,38
EDSON GOMES DA ROCHA;PHS;PHS / PRP;Não eleito;783;2440,0799999999
EDSON HATO;PTC;PSL / PTN / PMN / PTC / PT do B;Suplente;2182;1200
EDSON ROMUALDO DA SILVA;PRTB;PRTB;Não eleito;11;0
EDSON TADEU MARIM;PV;PV;Suplente;3339;7090
EDSON TATSUMI SAKAUE;PRB;PRB;Suplente;2292;6550,6199999999
EDUARDO ANTONIO DA SILVA PIRES;PSD;PMDB / PROS / PP / PSD;Suplente;42058;695
EDUARDO DALANEZI GIRON;PTN;PSL / PTN / PMN / PTC / PT do B;Suplente;606;639104,53999999
EDUARDO FRIZI NASCIMENTO;PV;PV;Suplente;1799;3850
EDUARDO LOPES DA SILVA;PSC;PSC;Suplente;1829;5965
EDUARDO MATIAS;PRB;PRB;Suplente;1327;3909,5699999999
EDUARDO NANTES BOLSONARO;PSC;PSC;Eleito por médi;82224;52661,839999999
EDUARDO NUNES BRANDÃO;PSDC;PSDC;Não eleito;1081;298,75
EDUARDO PAULO DA SILVA;PDT;PDT;Suplente;2736;0
EDUARDO PEDROSA CURY;PSDB;PSDB / DEM / PPS;Eleito por QP;185638;497781,59999999
EDUARDO SANASSAR FONSECA;PV;PV;Suplente;1064;6534,5
EDUARDO TSUNEO SAITO;PHS;PHS / PRP;Não eleito;426;4593
EDVALDO DE SALES MOZZONE;PTB;PTB;Suplente;530;0
EDVALDO GERMANO SALES;PSB;PSB;Suplente;549;7789,96
ELAINE APARECIDA BELLONI ABISSAMRA;PSB;PSB;Suplente;622;0
ELAINE APARECIDA GUSMAN;PTB;PTB;Suplente;341;6576
ELAINE IOLANDA PIDORI;PRP;PHS / PRP;Não eleito;219;312,5
ELAINE SILVA PIRES;PMDB;PMDB / PROS / PP / PSD;Suplente;573;0
ELAINE SILVEIRA NEVES;PMDB;PMDB / PROS / PP / PSD;Suplente;890;14827,94
ELANIA NANINHA MELO;PV;PV;Suplente;355;0
ELCY RIBEIRO DOS SANTOS;PRP;PHS / PRP;Não eleito;284;449,3
ELENI SANTOS DA SILVA;PSDB;PSDB / DEM / PPS;Suplente;85;200
ELIANA CONRADO GOTTSFRITZ FERNANDES;PHS;PHS / PRP;Não eleito;439;893
ELIANA DE FÁTIMA CAROLINO;PSB;PSB;Suplente;250;0
ELIANA LUCIANO DOS SANTOS;PRB;PRB;Suplente;130;2066
ELIANA MARIA DOS SANTOS;PTB;PTB;Suplente;272;5643,4099999999
ELIANA PENHA RINALDI SILVEIRA;PSTU;PSOL / PSTU;Suplente;79;515,88
ELIAS ALEXANDRE DE AMORIM;PSDC;PSDC;Não eleito;0;0
ELIAS DOS ANJOS;PHS;PHS / PRP;Não eleito;1445;53431,08
ELIAS FERNANDES CASSUNDÉ;PMDB;PMDB / PROS / PP / PSD;Suplente;11781;209791,87999999
ELIENE SIQUEIRA RIBEIRO;PMDB;PMDB / PROS / PP / PSD;Suplente;241;16234,82
ELIPÉRSIDA CANDOTTO POZELLA DA SILVA;PRB;PRB;Suplente;317;29018,899999999
ELIS CORDEIRO DA SILVA;PRB;PRB;Suplente;660;2528
ELISABETE DE ALMEIDA SANTO;PMDB;PMDB / PROS / PP / PSD;Suplente;93;9664,5
ELISANGELA APARECIDA BORGES MIGUEL;PRP;PHS / PRP;Não eleito;2416;5420
ELISANGELA VIEIRA FERREIRA;PSDC;PSDC;Não eleito;396;8413,5799999999
ELISEU GABRIEL DE PIERI;PSB;PSB;Suplente;64932;1279426,9599999
ELISEU MINICHILLO DE ARAUJO;PMDB;PMDB / PROS / PP / PSD;Suplente;1145;61005,17
ELISSANDRA LUCIANO DE ARAUJO;PRB;PRB;Suplente;391;4660
ELIZABETE DE OLIVEIRA CAETANO;PSDB;PSDB / DEM / PPS;Suplente;2151;200
ELIZABETE DOMINGUES DOS SANTOS;PSDB;PSDB / DEM / PPS;Suplente;311;200
ELIZABETH DUTRA GONZAGA DA SILVA;PT;PT / PC do B;Suplente;2268;7650
ELLEN RUIZ;PSTU;PSOL / PSTU;Suplente;85;515,88
ELMER GOMES HAYASHIGUCHI;PSC;PSC;Suplente;11612;41658,81
ELSE ANGELICA FELIPE DE PAULA;PSTU;PSOL / PSTU;Suplente;160;1238,54
ELTON FERNANDO DA SILVA;PRP;PHS / PRP;Não eleito;630;0
ELZA ALVES DE CARVALHO;PSDC;PSDC;Não eleito;981;4378,5799999999
ELZA JANONI;PSC;PSC;Suplente;10508;108443,23
ELZA MARIA NUNES;PSDB;PSDB / DEM / PPS;Suplente;337;600
EMANOEL MESSIAS SILVA DOS SANTOS;PHS;PHS / PRP;Não eleito;742;210
EMANUEL LINS DE SÁ;PSC;PSC;Suplente;293;7501,84
EMELY CAROLINE FERNANDES CORREA;PMDB;PMDB / PROS / PP / PSD;Suplente;1262;19093,54
EMERSON FURTADO CAVADAS;PSDB;PSDB / DEM / PPS;Suplente;2298;16776,149999999
EMERSON JUSTINO DE SOUZA;PSC;PSC;Suplente;2234;16776,84
EMERSON LIMA DOS SANTOS;PHS;PHS / PRP;Não eleito;4143;3026,5
EMILSON ANTONIO MARTINEZ ROVERI;PSOL;PSOL / PSTU;Suplente;1911;9890
ENEIDA FIGUEIREDO KOURY;PSOL;PSOL / PSTU;Suplente;1930;27095,24
ENILDO INACIO DA SILVA;PRTB;PRTB;Não eleito;77;402,91
ENIO TADEU ZENEZI;PSL;PSL / PTN / PMN / PTC / PT do B;Suplente;325;3716,7499999999
ERALDO NOVAES;PDT;PDT;Suplente;285;0
ERASMO VIEIRA DE SOUSA;PSB;PSB;Suplente;321;3051,9799999999
ERISBERTO ANTONIO MOREIRA COSTA;PSOL;PSOL / PSTU;Suplente;818;8542,5
ERMELINDO INACIO MARTINS JUNIOR;PSC;PSC;Suplente;4225;28966,119999999
ERMY ANDRADE PENA;PRB;PRB;Suplente;41;1928
EROSTINA TOMAZ DA SILVA CERQUEIRA;PDT;PDT;Suplente;86;527,5
ESTELA DE OLIVEIRA PREMAZZI;PMDB;PMDB / PROS / PP / PSD;Suplente;121;10394,5
ESTER DA SILVA;PSL;PSL / PTN / PMN / PTC / PT do B;Suplente;370;3226,25
ESTEVAN MARTINS DE CAMPOS;PSOL;PSOL / PSTU;Suplente;612;1450
ESTHER ERCILIA PRUDENTE STEDTLER;PSDC;PSDC;Não eleito;333;3283
ETELVINO CAETANO DA SILVA;PMDB;PMDB / PROS / PP / PSD;Não eleito;0;15589,27
EUNICE  RUTH ARAUJO LOPES;PT;PT / PC do B;Suplente;9051;290938,75
EURIPEDES DE CASTRO JUNIOR;PMDB;PMDB / PROS / PP / PSD;Suplente;1045;18967,84
EURIPEDES LUIZ DE SOUSA;PRB;PRB;Suplente;9035;115820,19999999
EVA DA CONCEIÇÃO RODRIGUES DE SOUSA;PSOL;PSOL / PSTU;Suplente;244;1510
EVANDRO HERRERA BERTONE GUSSI;PV;PV;Eleito por QP;109591;455021,98
EVANIO MARCELINO;PSOL;PSOL / PSTU;Suplente;7866;2421,8399999999
EVERALDO CAETANO DA SILVA;PRP;PHS / PRP;Não eleito;639;0
EZIO FRANCISCO BALBINO;PSDC;PSDC;Não eleito;3308;6298
FABIANA LUCI DE OLIVEIRA VIANA;PSL;PSL / PTN / PMN / PTC / PT do B;Suplente;1285;0
FABIANA SOARES DE ALMEIDA;PEN;PEN;Não eleito;243;5301,35
FABIANO ANDRE LUCAS MARIANO;PDT;PDT;Suplente;16928;131120,41999999
FABIANO BATISTA REIS;PHS;PHS / PRP;Não eleito;6313;17035,099999999
FABIANO SILVA ZANGRANDE;PEN;PEN;Não eleito;310;2648,4499999999
FABIANO WASHINGTON RUIZ MARTINEZ;PV;PV;Suplente;25255;109941,89999999
FABIO APARECIDO SILVA;PMDB;PMDB / PROS / PP / PSD;Não eleito;0;9658,37
FABIO AUGUSTO MANZANO;PHS;PHS / PRP;Não eleito;496;3792,0999999999
FABIO FERRARI PORCHAT DE ASSIS;PV;PV;Suplente;3312;36958
FABIO SOARES DE OLIVEIRA;PSD;PMDB / PROS / PP / PSD;Suplente;4443;28451,619999999
FABRICIO RODRIGUES RIBEIRO;PDT;PDT;Suplente;699;3350
FATIMA APARECIDA FERREIRA;PMDB;PMDB / PROS / PP / PSD;Suplente;686;17691,48
FATIMA TERESINHA DE AGUIAR;PTB;PTB;Suplente;993;6576
FAUSTO RUY PINATO;PRB;PRB;Eleito por médi;22097;143644,66999999
FELIPE BRILHANTE MAROPO;PSOL;PSOL / PSTU;Suplente;529;7163,8999999999
FELIPPE MENDONCA;PPS;PSDB / DEM / PPS;Suplente;1574;0
FERNANDA GONSALO CASARINI;PT;PT / PC do B;Suplente;611;3125
FERNANDO BISPO DA SILVA;PROS;PMDB / PROS / PP / PSD;Suplente;32137;103770,69999999
FERNANDO DE OLIVEIRA;PRP;PHS / PRP;Não eleito;1520;67,5
FERNANDO DE OLIVEIRA E SILVA;PMDB;PMDB / PROS / PP / PSD;Suplente;1223;14179,35
FERNANDO DOS SANTOS COELHO;SD;SD;Suplente;2074;105254,95
FERNANDO JOSÉ DOS SANTOS;PTB;PTB;Suplente;1390;3185,6499999999
FERNANDO NEY RODRIGUES SANTOS;PSDC;PSDC;Não eleito;323;2944,79
FILINHA DE OLIVEIRA CARDOZO;PSDC;PSDC;Não eleito;340;2059
FIRMINA ALVES DA SILVA;PHS;PHS / PRP;Não eleito;42;455
FLAUDIO AZEVEDO LIMAS;PT;PT / PC do B;Suplente;61347;353626,73999999
FLAVIO AUGUSTO DA SILVA;PSB;PSB;Eleito por médi;90437;102578,40999999
FLAVIUS COTAIT RUGGIERO;PMDB;PMDB / PROS / PP / PSD;Suplente;1053;31384,84
FLORIANO FERREIRA DA SILVA;PMN;PSL / PTN / PMN / PTC / PT do B;Suplente;111;1965
FLORISVALDO LOPES DE OLIVEIRA;PCO;PCO;Não eleito;216;967,41999999999
FRANCESCO GAGLIANO;PDT;PDT;Suplente;836;0
FRANCESCO MARIA QUERINI;PSDB;PSDB / DEM / PPS;Suplente;1667;2287
FRANCINETO LUZ DE AGUIAR;PMDB;PMDB / PROS / PP / PSD;Suplente;26013;876298,62
FRANCISCA CLEMENTINO DE SOUSA;PTN;PSL / PTN / PMN / PTC / PT do B;Suplente;226;500
FRANCISCO CARLOS CONCEIÇÃO;PTC;PSL / PTN / PMN / PTC / PT do B;Não eleito;0;7145
FRANCISCO CARLOS DA SILVA;PTB;PTB;Não eleito;0;12367,7
FRANCISCO CARLOS LIMA DOS SANTOS;PRP;PHS / PRP;Não eleito;998;350
FRANCISCO CARLOS MOTTA;PTC;PSL / PTN / PMN / PTC / PT do B;Suplente;6158;26141,25
FRANCISCO CARLOS SABINO;SD;SD;Suplente;1283;0
FRANCISCO CARLOS XAVIER JUNIOR;PTB;PTB;Suplente;539;0
FRANCISCO DAS CHAGAS FRANCILINO;PT;PT / PC do B;Suplente;58787;1302044,7599999
FRANCISCO DE PAULA DE OLIVEIRA LEITE;PSDB;PSDB / DEM / PPS;Suplente;20151;48893,5
FRANCISCO DOS REIS VILELA;PTB;PTB;Suplente;12965;186011,8
FRANCISCO EDUARDO ANICETO ROSSI;PR;PR;Suplente;10343;86086
FRANCISCO EVERARDO OLIVEIRA SILVA;PR;PR;Eleito por QP;1016796;983589,99999999
FRANCISCO GOMES DA SILVA;PDT;PDT;Suplente;10923;14973,19
FRANCISCO MANSANI QUEDA;PSC;PSC;Suplente;3736;6951,84
FRANCISCO MARCELO ORTIZ FILHO;PSL;PSL / PTN / PMN / PTC / PT do B;Suplente;32195;246835,84999999
FRANCISCO MARCIO DE CARVALHO;PSB;PSB;Suplente;3473;16614,459999999
FRANCISCO MIGUEL NETO;PTB;PTB;Suplente;4447;71801,8
FRANCISCO MOACIR BEZERRA DE MELO FILHO;PSB;PSB;Suplente;19476;82391,96
FRANCISCO TADAO NAKANO;PDT;PDT;Suplente;3646;23390,29
GABRIEL DE JESUS CARDOSO;PSC;PSC;Não eleito;0;0
GABRIELA VASCONCELOS DE JESUS;PSTU;PSOL / PSTU;Suplente;126;515,88
GALENO LOUREIRO SOBRINHO;PSDB;PSDB / DEM / PPS;Suplente;1983;7990
GEILSON JERONIMO DE OLIVEIRA;PMDB;PMDB / PROS / PP / PSD;Suplente;703;14247,959999999
GENILDO CRUZ FERREIRA;PSOL;PSOL / PSTU;Suplente;535;7078,5
GENILSON DOS SANTOS;PSL;PSL / PTN / PMN / PTC / PT do B;Suplente;607;6773,3
GENTIL DA SILVA NUNES;PSOL;PSOL / PSTU;Suplente;1337;17035,2
GERALDO ALVES DIONISIO;PT;PT / PC do B;Suplente;356;5240
GERALDO DA SILVA;PTB;PTB;Não eleito;0;4976
GERALDO FERREIRA DA CRUZ;PSDC;PSDC;Não eleito;0;0
GERALDO MAGELA MENDES QUADROS;PTB;PTB;Suplente;201;0
GERALNICE ALVES TEIXEIRA;PRP;PHS / PRP;Não eleito;399;2585
GEREMIAS NUNES DE SIQUEIRA;PSDC;PSDC;Não eleito;577;1181006,71
GERSON HENRIQUE SARTORI;PT;PT / PC do B;Suplente;44164;1181006,71
GERVASIO APARECIDO DA SILVA;PP;PMDB / PROS / PP / PSD;Suplente;21402;114400,72
GESOFATO VERNIN;PR;PR;Suplente;3334;497098
GETULIO DUARTE FERREIRA;PSB;PSB;Suplente;1873;16383,96
GETULIO SOUZA PINTO;PSC;PSC;Suplente;747;13426,84
GIAN DANIEL GAZARRA TARTAGLIONE;PSDC;PSDC;Não eleito;144;2111,0799999999
GILBERTO AUGUSTO FELIX;PHS;PHS / PRP;Não eleito;156;0
GILBERTO CAETANO DE FRANÇA;PMDB;PMDB / PROS / PP / PSD;Suplente;12003;533848,21999999
GILBERTO COSTA MARQUES;PEN;PEN;Não eleito;15757;533634,88
GILBERTO LOURENÇO MARSON;PEN;PEN;Não eleito;2636;13040
GILBERTO MARQUES;PSOL;PSOL / PSTU;Não eleito;0;300
GILBERTO NASCIMENTO SILVA;PSC;PSC;Eleito por QP;120044;774832,83
GILBERTO PINTO CARDOSO FILHO;PMN;PSL / PTN / PMN / PTC / PT do B;Suplente;792;4316
GILDEINA DOS SANTOS ALMEIDA;PSTU;PSOL / PSTU;Suplente;29;1238,54
GILMARA ALMEIDA GONÇALVES RIEVRS OLIVEIRA;PSC;PSC;Suplente;18332;129639,48
GILMARA DOMINGOS DOS SANTOS;PR;PR;Suplente;201;5905
GISELDA ALVES BOMFIM;PSD;PMDB / PROS / PP / PSD;Suplente;377;10326,889999999
GIVANILDO MANOEL DA SILVA;PSOL;PSOL / PSTU;Não eleito;0;9341,25
GIVANILDO SOARES DA SILVA;PROS;PMDB / PROS / PP / PSD;Suplente;9585;222852,79999999
GORETE NATIVIDADE DA SILVA;PDT;PDT;Suplente;545;412,5
GRACIELA DE LOURDES DAVID AMBROSIO;PP;PMDB / PROS / PP / PSD;Suplente;59435;451631,49999999
GUILHERME AUGUSTO SANCHES RIBEIRO;PP;PMDB / PROS / PP / PSD;Suplente;41527;2129101,15
GUILHERME CAMPOS JUNIOR;PSD;PMDB / PROS / PP / PSD;Suplente;69426;3297230,06
GUILHERME LEVY GARISIO SARTORI;PTB;PTB;Suplente;18464;216005,86
GUILHERME MUSSI FERREIRA;PP;PMDB / PROS / PP / PSD;Eleito por QP;156297;4070049
GUILHERME SARTORIS DE AZEVEDO SOUZA;PRTB;PRTB;Não eleito;63;402,91
GUSTAVO HENRIC COSTA;PV;PV;Suplente;46485;309769,99999999
GUSTAVO OLYMPIO ROMEIRO RAMOS MELLO;PSDC;PSDC;Não eleito;322;2293,8499999999
GUSTAVO VASQUES BITENCOURT;PRP;PHS / PRP;Não eleito;0;3724
GUSTAVO VITOR DE SOUZA ALVES;PHS;PHS / PRP;Não eleito;1180;740
HAMILTON PEREIRA;PT;PT / PC do B;Suplente;77325;417289,54
HAVANIR TAVARES DE ALMEIDA NIMTZ;PRTB;PRTB;Não eleito;10668;24168,599999999
HAYDEE FERRAZ SIMÕES;PMN;PSL / PTN / PMN / PTC / PT do B;Suplente;240;4894
HEITOR HENRIQUE GONZALEZ TAKUMA;PTB;PTB;Suplente;6469;93963,239999999
HEITOR ROBERTO TOMMASINI;PTC;PSL / PTN / PMN / PTC / PT do B;Suplente;168;3570,1699999999
HELCIO ANTONIO DA SILVA;PT;PT / PC do B;Suplente;43872;480633,17999999
HELIO ALVES RIBEIRO;PSB;PSB;Suplente;17855;98551,36
HELOISA HELENA FRANÇA GOMES;PSB;PSB;Suplente;354;786,63
HENRI HAJIME SATO;PMDB;PMDB / PROS / PP / PSD;Suplente;3756;19301,48
HENRIQUE STEIN SCIASCIO;SD;SD;Suplente;23901;215131,91
HERCULANO CASTILHO PASSOS JUNIOR;PSD;PMDB / PROS / PP / PSD;Eleito por QP;92583;3502591,2699999
HERCULES ROCHA DE GOES;PV;PV;Não eleito;0;0
HERMES RODRIGUES NERY;PHS;PHS / PRP;Não eleito;6574;2055
HILDEBRANDO NERY DE ALMEIDA;PRB;PRB;Suplente;1776;27268,32
HILTON ALVES MACEDO;PRB;PRB;Suplente;2478;81066,239999999
HOSANNAH DA SILVA VALE;PRTB;PRTB;Não eleito;115;432,92
HUDSON PESSINI;PMDB;PMDB / PROS / PP / PSD;Suplente;6239;15118,34
HUGO TADEU GHIRALDINI;PTB;PTB;Suplente;1390;17860
INGRID VANESSA DA SILVA;PRB;PRB;Suplente;240;3577,34
IOLANDA KEIKO MIASHIRO OTA;PSB;PSB;Eleito por QP;102963;11317,24
IRACEMA CUNHA COSTA;PSDB;PSDB / DEM / PPS;Suplente;2696;556803,16
IRACY APARECIDA ANTUNES DE SOUZA;PDT;PDT;Suplente;81;200
IRENE ALVES CORRÊA;PSOL;PSOL / PSTU;Suplente;216;1075
IRIS MARIA PEREIRA DA SILVA;PSOL;PSOL / PSTU;Suplente;80;142,4
ISABEL CRISTINA LIMA;PSDC;PSDC;Não eleito;13;1102,1599999999
ISABEL CRISTINA PEREZ;PSOL;PSOL / PSTU;Suplente;62;0
ISAEL DOMINGUES;PV;PV;Suplente;26324;74204
ISAIAS RIBEIRO DE ARRUDA;PTB;PTB;Suplente;1990;11771
ISMAEL JUDÁ DOS SANTOS NICÁCIO;PDT;PDT;Não eleito;0;0
ISRAEL MARQUES CAJAI;PTB;PTB;Suplente;608;817,95
ITAMAR ALVES DE OLIVEIRA;PDT;PDT;Suplente;3136;17212,759999999
IVAN FRANCISCO DA SILVA MUNIS;PRB;PRB;Suplente;360;3197,2399999999
IVAN PEREIRA DA SILVA;PDT;PDT;Suplente;1101;3733,89
IVAN VALENTE;PSOL;PSOL / PSTU;Eleito por QP;168928;296103,58999999
IVANILDO ALVES BARBOSA;PV;PV;Suplente;235;0
IVANILDO GOMES NOGUEIRA;PRB;PRB;Suplente;4672;32014,98
IZABEL APARECIDA DA SILVA;PSDB;PSDB / DEM / PPS;Não eleito;0;765
IZAMAR NUNES DA SILVA;PSDC;PSDC;Não eleito;535;752
IZAQUE JOSE DA SILVA;PSDB;PSDB / DEM / PPS;Suplente;33724;120644,46
IZILDA FÁTIMA DONIZETI RIBEIRO ARAUJO;PR;PR;Suplente;245;12572,5
JADER PEREIRA REIS;PSDC;PSDC;Não eleito;0;2054,6599999999
JADISON RODRIGUES DE OLIVEIRA;PSOL;PSOL / PSTU;Suplente;500;673,75
JADSON MENDES DE LIMA;PSL;PSL / PTN / PMN / PTC / PT do B;Suplente;29695;56124,599999999
JAILSON GOMES DE MEDEIROS;PHS;PHS / PRP;Não eleito;1609;8868,45
JAIME DONIZETI PEREIRA;PSC;PSC;Não eleito;0;152271,84
JAIME MINQUINI PERROTI;PTC;PSL / PTN / PMN / PTC / PT do B;Suplente;157;580
JAIR FRANCISCO ARCI;PTB;PTB;Suplente;223;1620
JAIRO DE SOUZA;PSDB;PSDB / DEM / PPS;Suplente;7127;25395,05
JAIRO FERREIRA DA SILVA;PTB;PTB;Não eleito;0;3569,3499999999
JAMIL PAULO PRUDENCIANO;PSOL;PSOL / PSTU;Suplente;2418;933,13
JANAINA APARECIDA MARQUES DA SILVA;PRB;PRB;Suplente;252;4650,6199999999
JANAINA DA CUNHA MOREIRA;PTB;PTB;Suplente;732;14438,899999999
JANDUI VALDEVINO DA SILVA;PV;PV;Suplente;229;883,89999999999
JANETE ROCHA PIETA;PT;PT / PC do B;Suplente;77595;1925587,8499999
JANIO BENITO COSTA;PHS;PHS / PRP;Não eleito;2482;13943,25
JANIO GONÇALVES DE OLIVEIRA;PMDB;PMDB / PROS / PP / PSD;Suplente;34958;303350,2
JEAN ALEX TAMAZATO;PTC;PSL / PTN / PMN / PTC / PT do B;Suplente;134;525
JEAN DORNELAS;PRB;PRB;Suplente;12929;47108,68
JEAN GUIMARAES MENDES;PMDB;PMDB / PROS / PP / PSD;Suplente;955;10000
JEFERSON CAMILLO DE OLIVEIRA;PRB;PRB;Suplente;284;17189,119999999
JEFERSON LUIS DA SILVA;PROS;PMDB / PROS / PP / PSD;Suplente;6637;3955
JEFFERSON  ELOY;PV;PV;Suplente;2001;3955
JEFFERSON ALVES DE CAMPOS;PSD;PMDB / PROS / PP / PSD;Eleito por QP;161790;653875,41999999
JEFFERSON TORRES DA CRUZ;PTC;PSL / PTN / PMN / PTC / PT do B;Suplente;430;870,46999999999
JENIS DE ANDRADE;PSOL;PSOL / PSTU;Suplente;10259;3691,5499999999
JENNIFER MISAEL DE OLIVEIRA;PRB;PRB;Suplente;58;2407,2399999999
JERUSA JANUARIA DA SILVA;PHS;PHS / PRP;Não eleito;762;733
JESSE DA COSTA CORREA;PSDB;PSDB / DEM / PPS;Suplente;2936;940
JOÃO AMAURICIO PAULI;PV;PV;Suplente;10252;58430,6
JOAO AUGUSTO BARBOSA DE LIMA;PRP;PHS / PRP;Não eleito;2923;532,5
JOÃO BATISTA BIANCHINI;PTB;PTB;Suplente;4281;53026,54
JOÃO BATISTA DE PAULA LOPES;PRP;PHS / PRP;Não eleito;2018;6932,3
JOÃO BATISTA DE SOUZA LIMA;PT;PT / PC do B;Suplente;2351;14765
JOAO BATISTA GOMES SOARES;PV;PV;Suplente;453;1370
JOÃO BATISTA MARCELINO;PRTB;PRTB;Não eleito;320;5086,9299999999
JOÃO BATISTA SILVA;SD;SD;Não eleito;0;2863,25
JOÃO CARLOS ANDRADE CARDOSO JUNIOR;PEN;PEN;Não eleito;139;0
JOÃO CARLOS MACHADO;PDT;PDT;Suplente;4307;111046,22
JOÃO DA SILVA FILHO;DEM;PSDB / DEM / PPS;Suplente;9536;42742,15
JOÃO DAS MERCÊS ALMEIDA;PTB;PTB;Suplente;3750;22895,6
JOÃO DORETO CAMPAGNARI NETO;PSB;PSB;Suplente;1054;11627,9
JOAO DOS SANTOS ALVES SOBRINHO;PSB;PSB;Suplente;1849;2300
JOÃO EDUARDO DADO LEITE DE CARVALHO;SD;SD;Suplente;70370;1647420,8699999
JOÃO EZIO DE SOUZA LIMA;PEN;PEN;Não eleito;816;2425
JOÃO FELIZ GOMES;PSL;PSL / PTN / PMN / PTC / PT do B;Suplente;218;650
JOÃO FRANCISCO GARCIA;PRTB;PRTB;Não eleito;2603;26942,85
JOÃO GOMES DE ALMEIDA;PRB;PRB;Suplente;1134;10953,7
JOÃO HENRIQUE DOS SANTOS;PSB;PSB;Suplente;5015;166686,45
JOÃO JORGE FADEL FILHO;SD;SD;Suplente;37548;1045437,6799999
JOÃO LEITE;PSOL;PSOL / PSTU;Não eleito;0;0
JOÃO LOCO BATISTA DE SIQUEIRA;PEN;PEN;Não eleito;1652;9260
JOÃO MARCOS MARTINS;PEN;PEN;Não eleito;0;17778,04
JOÃO MARCOS PEREIRA VIDAL;PSB;PSB;Suplente;9363;87485,69
JOÃO MARIO BARBOSA;PV;PV;Suplente;538;2415,0799999999
JOÃO MIGUEL DE AMORIM;PSOL;PSOL / PSTU;Suplente;2466;14805
JOÃO NERES DE OLIVEIRA;PSDC;PSDC;Não eleito;41;0
JOÃO NOGUEIRA DE LIMA;PSB;PSB;Suplente;373;0
JOAO PAULO TAVARES PAPA;PSDB;PSDB / DEM / PPS;Eleito por QP;117590;1278578,76
JOÃO PEREIRA DOS SANTOS;SD;SD;Suplente;1077;17630,5
JOÃO PINHONI NETO;DEM;PSDB / DEM / PPS;Suplente;15111;28628,95
JOAO RAFAEL DE ANDRADE;PRP;PHS / PRP;Não eleito;211;1015
JOÃO ROBERTO DE SIQUEIRA;PEN;PEN;Não eleito;369;3583,0599999999
JOAO SIQUEIRA DE FARIAS;PRB;PRB;Suplente;18120;844107,81
JOAQUIM CARLOS PIRES DO AMARAL;PHS;PHS / PRP;Não eleito;653;593
JOAQUIM VENAIR MENDES;PEN;PEN;Não eleito;1777;45000
JOAQUIM VIEIRA DOS SANTOS;PSOL;PSOL / PSTU;Suplente;298;2410
JOARILDO COUTO DE OLIVEIRA;PRB;PRB;Não eleito;0;0
JOEL JOVINO DE SOUZA;PSDC;PSDC;Não eleito;704;4015,28
JOEL PEREIRA ALVES;PRB;PRB;Suplente;262;0
JONES RAFAEL REINAUER ONG;PTB;PTB;Suplente;746;7782,6499999999
JORDÃO MOISES FABREGA;PT do B;PSL / PTN / PMN / PTC / PT do B;Suplente;846;11711,15
JORGE ABISSAMRA;PSB;PSB;Não eleito;0;318769,88
JORGE ANTONIO COELHO DE MELLO;PEN;PEN;Não eleito;7688;46883,54
JORGE HENRIQUE;PSDC;PSDC;Não eleito;410;0
JORGE IVAN CASSARO;PEN;PEN;Não eleito;30307;992023
JORGE KIOMASSA KINA;PV;PV;Suplente;3821;24460,63
JORGE MARTINS SALGADO;PROS;PMDB / PROS / PP / PSD;Suplente;9974;83477,24
JORGE TADEU MUDALEN;DEM;PSDB / DEM / PPS;Eleito por QP;178771;1830842,37
JOSE AFONSO DOS SANTOS;PDT;PDT;Suplente;242;0
JOSÉ ALBERTO DE LIMA E SILVA;PSDC;PSDC;Não eleito;325;2017,5
JOSE ANTONIO DO CARMO CRUZ;PT;PT / PC do B;Suplente;1706;41081,5
JOSÉ ANTONIO FERNANDES PAIVA;PT;PT / PC do B;Suplente;9846;70385,97
JOSE ANTONIO OLIVEIRA DOS SANTOS;PSC;PSC;Suplente;602;10961,699999999
JOSE APARECIDO DA SILVA JUNIOR;PTC;PSL / PTN / PMN / PTC / PT do B;Suplente;3074;490
JOSÉ APRIGIO DA SILVA;PSB;PSB;Suplente;41047;633810,04
JOSE AUGUSTO CARDOSO FILHO;PRB;PRB;Suplente;10391;184130,46
JOSE AUGUSTO ROSA;PR;PR;Eleito por QP;46905;204897,5
JOSE BENEDITO DE LIMA;PSB;PSB;Suplente;3858;8850
JOSÉ BENEDITO DOS SANTOS;PEN;PEN;Não eleito;168;0
JOSÉ BRAZ CARVALHO DA SILVA;PRB;PRB;Suplente;6275;76649,86
JOSÉ CARLOS BARBOSA DE SOUZA;PRB;PRB;Suplente;2236;29250,939999999
JOSÉ CARLOS BORGO;PDT;PDT;Suplente;4301;44565,519999999
JOSE CARLOS DE JESUS SILVA;PSDC;PSDC;Não eleito;0;2241,0799999999
JOSE CARLOS LEITE DE CARVALHO;PPS;PSDB / DEM / PPS;Suplente;505;350
JOSÉ CARLOS MASSON;PHS;PHS / PRP;Não eleito;3135;7617
JOSÉ CARLOS OCTAVIANI;PMDB;PMDB / PROS / PP / PSD;Suplente;34981;124738,81
JOSÉ CARLOS PEREIRA;PRP;PHS / PRP;Não eleito;145;0
JOSÉ CARLOS SELBACH EYMAEL;PSDC;PSDC;Não eleito;934;53597
JOSÉ CARLOS TREVENZOLLI FILHO;PEN;PEN;Não eleito;2774;5186,3
JOSE CLAUDIO FABIANO SILVA;PMDB;PMDB / PROS / PP / PSD;Suplente;701;18818,489999999
JOSÉ CORREA NEVES JUNIOR;PV;PV;Suplente;29089;452625
JOSÉ DA CRUZ VALCACI;PV;PV;Não eleito;0;0
JOSÉ DE LIMA OLIVEIRA JUNIOR;PRB;PRB;Suplente;2010;32029,079999999
JOSE DE MAR PIMENTA JUNIOR;PDT;PDT;Suplente;1722;20890
JOSÉ DE PAULA NETO;PC do B;PT / PC do B;Suplente;82105;1861100,24
JOSE DE RIBAMAR DA SILVA PASSOS;PSOL;PSOL / PSTU;Suplente;393;0
JOSÉ DELFINO RODRIGUES DA COSTA;PRB;PRB;Suplente;644;5930
JOSÉ ELIAS BATISTA CARVALHO;PCB;PCB;Não eleito;0;0
JOSÉ ELIEZER JUNIOR;PEN;PEN;Não eleito;54;0
JOSE EVANGELISTA GOMES;PRP;PHS / PRP;Não eleito;2606;50121,43
JOSE FERNANDO COSTA SILVA;PSB;PSB;Suplente;698;7146,02
JOSÉ FERREIRA  FERRO DA SILVA;PTB;PTB;Suplente;1123;12822
JOSE GERALDO DE CASTRO NETO;PV;PV;Suplente;762;12822
JOSE GUSTAVO FAVARO BARBOSA SILVA;PSB;PSB;Suplente;14474;606718,67999999
JOSÉ HENRIQUE BAPTISTA PEREIRA;PHS;PHS / PRP;Não eleito;4733;2186
JOSÉ JAIR CORREIA;PRB;PRB;Suplente;2520;11383,24
JOSÉ LUIZ DE FRANÇA PENNA;PV;PV;Suplente;52437;912652,68
JOSE LUIZ FRANCIA;SD;SD;Suplente;610;19900,41
JOSE LUIZ GLADCHI;PRTB;PRTB;Não eleito;120;3477,0299999999
JOSÉ LUIZ RIBEIRO;SD;SD;Suplente;38808;366535,67999999
JOSE MACARIO DOS SANTOS FILHO;PT;PT / PC do B;Suplente;5492;88233,159999999
JOSÉ MANOEL FERREIRA GONÇALVES;PEN;PEN;Não eleito;1268;60000
JOSE MARCIO DE CAMPOS;PRB;PRB;Suplente;963;4197,2399999999
JOSÉ MARIA RODRIGUES DE MATOS;PMN;PSL / PTN / PMN / PTC / PT do B;Suplente;4319;8870
JOSE MÁRIO DA SILVA;PRB;PRB;Suplente;831;4868,3
JOSÉ MARIO DE FREITAS MEDINA LEAL;PSOL;PSOL / PSTU;Suplente;159;0
JOSÉ MARIO YAMASHITA;PP;PMDB / PROS / PP / PSD;Suplente;604;100025,93999999
JOSE MARTINS DE ABREU CAVALCANTE;PTB;PTB;Suplente;1296;5792,35
JOSÉ MAURICIO FERREIRA;PSOL;PSOL / PSTU;Suplente;380;0
JOSE MENTOR GUILHERME DE MELLO NETTO;PT;PT / PC do B;Eleito por médi;82368;1802449,3299999
JOSE OLÍMPIO SILVEIRA MORAES;PP;PMDB / PROS / PP / PSD;Eleito por QP;154597;1530437,2
JOSE PAULO DE MENDONÇA LEMOS;PTC;PSL / PTN / PMN / PTC / PT do B;Suplente;494;995
JOSE PIRES DE ALMEIDA;PDT;PDT;Suplente;256;3831,48
JOSE RAIMUNDO DOS SANTOS DA CRUZ;PHS;PHS / PRP;Não eleito;670;873
JOSE RIBAMAR DE SOUZA RODRIGUES;PRP;PHS / PRP;Não eleito;215;312,5
JOSÉ RICARDO ALVARENGA TRIPOLI;PSDB;PSDB / DEM / PPS;Eleito por QP;233806;1731513,92
JOSE ROBERTO DE OLIVEIRA;PEN;PEN;Não eleito;0;11348,4
JOSÉ ROBERTO DOS SANTOS;PHS;PHS / PRP;Não eleito;0;593
JOSE ROBERTO MENDONÇA;PR;PR;Suplente;11753;157441,37
JOSÉ ROBERTO PREBILL;PPL;PPL;Não eleito;0;109198,56
JOSÉ ROBERTO SANTIAGO GOMES;PSD;PMDB / PROS / PP / PSD;Suplente;69604;1886994,6399999
JOSÉ RODRIGUES DOS SANTOS;PSB;PSB;Suplente;3237;8687,8099999999
JOSE RONALDO GOMES DA SILVA;PSOL;PSOL / PSTU;Suplente;481;2349,67
JOSÉ SILVA DE SOUZA;PSOL;PSOL / PSTU;Suplente;1147;2860
JOSE WALDIR PINTO;PSB;PSB;Suplente;3129;88599,199999999
JOSÉ WANDERLEY DE ANDRADE;PDT;PDT;Suplente;9586;46923,229999999
JOSE WELLINGTON DA COSTA SILVA;PSC;PSC;Suplente;448;8801,84
JOSEFA APARECIDA TAVARES DA SILVA;PHS;PHS / PRP;Não eleito;57;0
JOSENILDO ANTONIO DA SILVA;PDT;PDT;Suplente;6636;47644,57
JOSENILDO LIMA DOS SANTOS;PEN;PEN;Não eleito;270;7800
JOSEPH RAFFOUL;PTB;PTB;Não eleito;0;1000
JOSIANE BARRICHELLO;PEN;PEN;Não eleito;52;0
JOSIAS DOS REIS COELHO;PT;PT / PC do B;Suplente;2610;8800
JOSILDO FERREIRA BARRETO;PPS;PSDB / DEM / PPS;Suplente;802;19818,429999999
JOSIMAR PERES SALES;PRB;PRB;Suplente;1236;9586,7399999999
JOSUÉ SILVEIRA RAMOS;PR;PR;Suplente;8539;281845,04
JULIA AZZI COLLET E SILVA;PSOL;PSOL / PSTU;Suplente;1645;7895,4999999999
JULIANA DE PAULA LOURO STORTI;PTB;PTB;Suplente;4694;60367,61
JULIANA DOS SANTOS SILVA;PTC;PSL / PTN / PMN / PTC / PT do B;Suplente;61;700
JULIANO ARAUJO SERRANO;PT;PT / PC do B;Suplente;1734;45684
JULIO CESAR CAMPANHA;PTB;PTB;Suplente;5030;61176,249999999
JULIO CESAR DA COSTA CAIRES FILHO;PTB;PTB;Suplente;1219;3600
JULIO CESAR GALVES GOMES MANGINI MOSQUEIRO;PSB;PSB;Suplente;175;6059,46
JULIO CEZAR CARDIAL DE TULLIO;PPS;PSDB / DEM / PPS;Suplente;2626;117013,84
JULIO CEZAR DE OLIVEIRA FRANÇA;PSOL;PSOL / PSTU;Suplente;394;5240
JULIO OLIVEIRA SANCHES;PRB;PRB;Não eleito;0;6900
JUNIATA APARECIDA PAULA SANTOS GERMANN;PSB;PSB;Suplente;2872;10312,71
JUNJI ABE;PSD;PMDB / PROS / PP / PSD;Suplente;79909;1341287,21
KARINA DIAS DE OLIVEIRA;PSD;PMDB / PROS / PP / PSD;Suplente;247;2000
KARIUM DE ALMEIDA BRIZOLLA;SD;SD;Suplente;375;136167,91
KARLA FERNANDA DOS SANTOS;PR;PR;Suplente;78;0
KELLY CRISTINA DA SILVA;PT;PT / PC do B;Suplente;601;3125
KENNEDY RENE RODRIGUES DA SILVA;PTN;PSL / PTN / PMN / PTC / PT do B;Suplente;630;0
LAURINDO NUNES SABBATINI;PRP;PHS / PRP;Não eleito;0;0
LAURO CARLOS PACHECO;PSOL;PSOL / PSTU;Suplente;237;0
LAURO DE MORAES FILHO;PTC;PSL / PTN / PMN / PTC / PT do B;Suplente;1439;28214,5
LEANDRO PALMARINI;PV;PV;Suplente;17145;110902,08
LEIA BRANDAO DE SOUZA;PMDB;PMDB / PROS / PP / PSD;Não eleito;0;10394,5
LENI SANTANA;PV;PV;Suplente;179;496,38
LENINA VERNUCCI DA SILVA;PCB;PCB;Não eleito;1849;1210
LENIVALDO BARBOSA DA SILVA;PSC;PSC;Suplente;1295;11811,879999999
LEONARDO PUJATTI;PRB;PRB;Suplente;191;6117,1
LEONILDO BATISTA;PRTB;PRTB;Não eleito;2058;1300,9299999999
LETICIA HASTENREITER;PSTU;PSOL / PSTU;Suplente;54;600,63
LIETIDES RAMOS DE NOVAES;PHS;PHS / PRP;Não eleito;1683;2633,5
LIGIA BONETE PRESTES;PSDC;PSDC;Não eleito;270;1331,5
LIGIA FERNANDES DE OLIVEIRA;PCB;PCB;Não eleito;536;0
LILIAN BLECH HAMAOUI;PMDB;PMDB / PROS / PP / PSD;Suplente;191;11203,549999999
LILIANE HELENA BARBOSA CHIARELLI;PRB;PRB;Suplente;606;7321,55
LINDALVA MARIA DE BARROS MORTATTI;PSL;PSL / PTN / PMN / PTC / PT do B;Suplente;323;2002,55
LINDBERG CLEMENTE DE MORAES;PSDC;PSDC;Não eleito;2283;2578,5799999999
LINDINALVA GERCINA DA SILVA;PRP;PHS / PRP;Não eleito;292;2987
LINO BISPO ROCHA;PR;PR;Suplente;19467;210436
LIRO DE SOUSA MAIA;PTB;PTB;Suplente;4755;45593,95
LIZANDRA SIMIONATO;PTN;PSL / PTN / PMN / PTC / PT do B;Suplente;81;0
LORENI RODRIGUES;PRTB;PRTB;Não eleito;17;305,92
LOURIVAL DE JESUS DA SILVA;PMN;PSL / PTN / PMN / PTC / PT do B;Suplente;333;4399,9999999999
LUCAS DE OLIVEIRA ROSA;PEN;PEN;Não eleito;269;0
LUCAS HENRIQUE TREVIZAN;PSC;PSC;Suplente;359;4501,84
LUCIA CONCEIÇÃO AMARAL;PMDB;PMDB / PROS / PP / PSD;Suplente;329;11238,5
LUCIANA CRISTINA DE SOUZA;PMDB;PMDB / PROS / PP / PSD;Suplente;181;0
LUCIANA DE ALMEIDA COSTA;PR;PR;Suplente;25962;435367
LUCIANA FLAVIA MAIA NUNES;PV;PV;Não eleito;0;14629,82
LUCIANA GOMES OLIVEIRA;PSDB;PSDB / DEM / PPS;Suplente;219;0
LUCIANO DE SOUZA SILVA;PSDC;PSDC;Não eleito;156;2246,0799999999
LUCIANO FREIRE DA SILVA;PTC;PSL / PTN / PMN / PTC / PT do B;Suplente;924;6707
LUCIANO GOMES;PT do B;PSL / PTN / PMN / PTC / PT do B;Suplente;5960;9493,56
LUCILIA DE SOUZA RABELO;PRB;PRB;Suplente;462;4769,2399999999
LUCIO DOS REIS SILVA;PV;PV;Suplente;2424;8186,3999999999
LUCIO MARTINS DE FREITAS;PR;PR;Suplente;16481;221473
LUCY AMORIM REBOLLEDO ESPINOZA;PRB;PRB;Suplente;444;12289,459999999
LUIS ALBERTO DOMINGOS CAMPANA;PSOL;PSOL / PSTU;Suplente;105;661,95
LUIS GUILHERME CAMPOS DE OLIVEIRA;PSOL;PSOL / PSTU;Suplente;5617;24210
LUIS PEDRO SCARPELINI;PTB;PTB;Suplente;651;0
LUIS STEFANO GRIGOLIN;PPS;PSDB / DEM / PPS;Suplente;308;0
LUIS TEOFILO DA SILVA;PRP;PHS / PRP;Não eleito;336;4932,5
LUIZ ANTONIO BALBO PEREIRA;PTB;PTB;Suplente;2086;134967,52
LUIZ CARLOS BENTO;PSB;PSB;Não eleito;0;6945
LUIZ CARLOS CALDERONI;PMDB;PMDB / PROS / PP / PSD;Suplente;7551;48754,27
LUIZ CARLOS DONEGA NETO;PRB;PRB;Suplente;8693;51998
LUIZ CARLOS MOTTA;PTB;PTB;Suplente;94992;1362655,42
LUIZ CARLOS STEFANI DE OLIVEIRA REIS;PSDB;PSDB / DEM / PPS;Suplente;4025;0
LUIZ CLAUDIO MARCOLINO;PT;PT / PC do B;Suplente;78626;2546090,4299999
LUIZ FELIPE BALEIA TENUTO ROSSI;PMDB;PMDB / PROS / PP / PSD;Eleito por QP;208352;1641847,38
LUIZ GUILHERME THEODORO DOS SANTOS ORTIZ;PRTB;PRTB;Não eleito;259;402,91
LUIZ LAURO FERREIRA FILHO;PSB;PSB;Eleito por QP;105247;2989105,81
LUIZ MAURO VIEIRA;PTB;PTB;Suplente;1144;8221,5499999999
LUIZ OLINTO CAPOVILLA TORTORELLO;DEM;PSDB / DEM / PPS;Não eleito;0;26384,06
LUIZ PAULO TEIXEIRA FERREIRA;PT;PT / PC do B;Eleito por QP;111301;3945479,04
LUIZ SEBASTIÃO DE FREITAS;PMN;PSL / PTN / PMN / PTC / PT do B;Suplente;565;25459
LUIZ SOARES TEIXEIRA;PTC;PSL / PTN / PMN / PTC / PT do B;Suplente;283;4740
LUIZ TARGINO DE LIMA NETO;SD;SD;Não eleito;0;0
LUIZA ERUNDINA DE SOUSA;PSB;PSB;Eleito por QP;177279;443600,39999999
LUIZA HELENA CORONA;PT;PT / PC do B;Suplente;912;38659
LUIZA NAGIB ELUF;PRP;PHS / PRP;Não eleito;16849;465302,88
MAGNO ALVES DE OLIVEIRA;PRTB;PRTB;Não eleito;1061;1016,9299999999
MANOEL ANTUNES;PDT;PDT;Suplente;3007;6183
MANOEL CARDOSO DA SILVA;PMDB;PMDB / PROS / PP / PSD;Suplente;476;17443,5
MANOEL CARDOSO DE AGUIAR FILHO;PDT;PDT;Não eleito;0;0
MANOEL DA CRUZ CARLOS VIEIRA;PMDB;PMDB / PROS / PP / PSD;Suplente;669;17894,09
MANOEL DOS SANTOS SILVA IRMÃO;PEN;PEN;Não eleito;2195;4649,5
MANOEL EMÍDIO DE SANTANA;PMDB;PMDB / PROS / PP / PSD;Suplente;362;16660,71
MANOEL FREIRE DE MOURA;PTB;PTB;Suplente;546;0
MANOEL SILVA DE OLIVEIRA;PSC;PSC;Não eleito;0;3646,8399999999
MARA CRISTINA GABRILLI;PSDB;PSDB / DEM / PPS;Eleito por QP;155143;1641325,23
MARCEL MACHADO MUSCAT;PRP;PHS / PRP;Não eleito;612;1496,2
MARCELO BATISTA;PV;PV;Suplente;259;3169,8
MARCELO CANDIDO LOPES SIMÕES;PHS;PHS / PRP;Não eleito;1427;1048
MARCELO DA SILVA ALVES;PSOL;PSOL / PSTU;Suplente;741;3266,75
MARCELO DE MEDEIROS CARDOSO LEITE;PMDB;PMDB / PROS / PP / PSD;Suplente;1022;15589,27
MARCELO GIANNELLI LOBATO;PRB;PRB;Suplente;725;0
MARCELO JOSÉ ORTEGA;PV;PV;Suplente;13836;30464
MARCELO JOSE SAMPAIO;PSOL;PSOL / PSTU;Suplente;716;3500
MARCELO LIMA COSTA;PTB;PTB;Suplente;2118;3050
MARCELO MASCARENHAS MIRANDA;PSC;PSC;Suplente;275;5226,84
MARCELO RICARDO MARIANO;PP;PMDB / PROS / PP / PSD;Suplente;3050;23570,459999999
MARCELO ROCCO;PROS;PMDB / PROS / PP / PSD;Suplente;928;33714,04
MARCELO ROCHA;PV;PV;Suplente;1515;20514,999999999
MARCELO SOARES DE ALMEIDA;PV;PV;Não eleito;0;0
MARCELO SQUASSONI;PRB;PRB;Eleito por QP;30315;245873,09999999
MARCELO THEODORO DE AGUIAR;DEM;PSDB / DEM / PPS;Suplente;65970;800083,32999999
MÁRCIA APARECIDA ZUCCHI LIBANORE;PV;PV;Suplente;2277;3114
MARCIA DA ROCHA PIRES;PRP;PHS / PRP;Não eleito;55;0
MARCIA MARIA FERRAZ DA COSTA;PHS;PHS / PRP;Não eleito;603;2638
MARCIA MARINHO DA SILVA;PT;PT / PC do B;Suplente;997;57798,999999999
MARCIA PUPIM GONÇALVES PEDRO;PV;PV;Suplente;184;0
MARCIA REGINA ALVES CARNEIRO;PMDB;PMDB / PROS / PP / PSD;Suplente;1115;57798,999999999
MARCIA VIEIRA;PSOL;PSOL / PSTU;Suplente;86;1,7
MARCILIO DUARTE LIMA;SD;SD;Suplente;3907;626839,55
MARCIO APARECIDO PEREIRA;PSB;PSB;Suplente;594;6911,09
MARCIO BORGES DA SILVA;SD;SD;Suplente;951;129185,2
MARCIO DA COSTA LIMA;PRB;PRB;Suplente;506;5978
MARCIO LUIZ ALVINO DE SOUZA;PR;PR;Eleito por QP;179950;1846372,47
MARCIO MARTINS PEREIRA;PSL;PSL / PTN / PMN / PTC / PT do B;Suplente;1005;1875,5
MARCIO MASSAMI NAKASHIMA;PMDB;PMDB / PROS / PP / PSD;Suplente;46857;28152,61
MARCIO PASCHOAL GIUDICIO;PV;PV;Suplente;40979;341548,06999999
MARCIO TOMAZELA;PMN;PSL / PTN / PMN / PTC / PT do B;Suplente;3109;45716,5
MARCO ANTONIO ABOU HALA DE PAIVA AYRES;PTB;PTB;Suplente;2571;34751,82
MARCO ANTONIO CAMPOS;PMDB;PMDB / PROS / PP / PSD;Suplente;1062;19673,42
MARCO ANTONIO FELICIANO;PSC;PSC;Eleito por QP;398087;144222,35
MARCO ANTONIO FERREIRA PELLEGRINI;PSB;PSB;Suplente;5912;8279,34
MARCO ANTONIO NOTARI;PDT;PDT;Não eleito;0;12044,9
MARCO ANTONIO PINTO SOARES JUNIOR;PT;PT / PC do B;Suplente;8006;68875,629999999
MARCO AURELIO UBIALI;PSB;PSB;Suplente;77963;580934,83999999
MARCO RONEI SOARES DE OLIVEIRA;PTB;PTB;Suplente;629;4838
MARCOS ANDRÉ SILVA;PHS;PHS / PRP;Não eleito;1115;1562
MARCOS ANTONIO DAS NEVES;PSDC;PSDC;Não eleito;1221;1723
MARCOS ANTONIO DE ALMEIDA RIBEIRO;PSDB;PSDB / DEM / PPS;Suplente;5249;76045
MARCOS AURELIO FRANCO DO NASCIMENTO;PDT;PDT;Suplente;120;3733,89
MARCOS CARDOSO TALARICO;PSB;PSB;Suplente;1507;18359,459999999
MARCOS CESAR PONTES;PSB;PSB;Suplente;43707;72013,149999999
MARCOS DANIEL VICENTE;PP;PMDB / PROS / PP / PSD;Suplente;16672;131850
MARCOS DE OLIVEIRA SAMPAIO;PEN;PEN;Não eleito;224;2341,48
MARCOS DE SOUZA CHAVES;PRTB;PRTB;Não eleito;421;1433,75
MARCOS EDMILSON EVANGELISTA;PSDC;PSDC;Não eleito;752;3139,5
MARCOS FERREIRA GODOY;PSD;PMDB / PROS / PP / PSD;Suplente;35018;232298,89
MARCOS FLAVIO DE OLIVEIRA ROBERTO;PSDB;PSDB / DEM / PPS;Suplente;1517;0
MARCOS FRANCISCO DE MORAES;PRP;PHS / PRP;Não eleito;610;122,5
MARCOS PAULO DA SILVA;PRB;PRB;Suplente;1510;4728
MARCOS RAUL DE ALMEIDA SOUZA;PSOL;PSOL / PSTU;Suplente;453;4088
MARCOS ROBERTO FLORÊNCIO;PTB;PTB;Suplente;1247;12021
MARCOS ROBERTO PIMENTA;PHS;PHS / PRP;Não eleito;1085;9850
MARCOS ROGÉRIO DE CAMPOS CAMARGO;PRB;PRB;Suplente;11407;391324,48
MARCOS SOUZA LIMA;PEN;PEN;Não eleito;1055;4250
MARCOS VINHA;PT;PT / PC do B;Suplente;17008;160884
MARGARETE ANTUNES DOS SANTOS;PDT;PDT;Suplente;121;527,5
MARGARETH GALVÃO CARBINATO;PP;PMDB / PROS / PP / PSD;Suplente;458;6190,85
MARIA ALICE PELIÇARIO;PV;PV;Suplente;1307;25264
MARIA APARECIDA BATISTA;PSTU;PSOL / PSTU;Suplente;48;465,88
MARIA APARECIDA BATISTA LEITE;PTB;PTB;Suplente;183;6576,2999999999
MARIA APARECIDA CIDRÃO;DEM;PSDB / DEM / PPS;Suplente;444;9419,4599999999
MARIA APARECIDA DE JESUS;PTC;PSL / PTN / PMN / PTC / PT do B;Suplente;160;707,5
MARIA APARECIDA DE SOUSA BARROS;PDT;PDT;Não eleito;0;981,6
MARIA APARECIDA FERREIRA;PMDB;PMDB / PROS / PP / PSD;Suplente;6304;123989,87
MARIA APARECIDA NATALI PRADO;PSC;PSC;Suplente;63;1578,0899999999
MARIA APARECIDA PINTO SANCHEZ;PTB;PTB;Suplente;195;9815,61
MARIA AUGUSTA FERREIRA FONSECA;PMDB;PMDB / PROS / PP / PSD;Não eleito;0;0
MARIA CANDIDA MACEDO DE BARROS;PHS;PHS / PRP;Não eleito;769;1357,9999999999
MARIA CECILIA BEZERRA DA SILVA;PHS;PHS / PRP;Não eleito;870;1765,5
MARIA CORDELIZA DOS SANTOS;PHS;PHS / PRP;Não eleito;692;2514
MARIA DA GLÓRIA MATOS GUILHAMATE;PHS;PHS / PRP;Não eleito;133;455
MARIA DA GRAÇA PAULO FIGUEIREDO;PTB;PTB;Suplente;300;1677,8
MARIA DAS GRAÇAS DINIZ;PSC;PSC;Suplente;47;2578,1999999999
MARIA DE LOURDES BARBOSA LOPES;PSB;PSB;Suplente;2398;6890
MARIA DE LOURDES RAFAEL;PT;PT / PC do B;Suplente;1352;6000
MARIA DO CARMO ROCHA MENDOZA;PTB;PTB;Suplente;594;6576
MARIA DOLORES GIMENEZ ARIETA;PEN;PEN;Não eleito;470;2232,26
MARIA FRANCISCA DA SILVA NEVES;PTC;PSL / PTN / PMN / PTC / PT do B;Suplente;50;550
MARIA GEORGINA DA SILVA ARIETTI;PHS;PHS / PRP;Não eleito;92;550
MARIA GILCIMAR DE SOUZA;PDT;PDT;Suplente;273;593
MARIA GILDEA SOARES TEIXEIRA DOURADO;PDT;PDT;Suplente;380;0
MARIA GONÇALVES DE LIMA;PDT;PDT;Suplente;261;9916,89
MARIA GORETE DA SILVA AQUINO;PSDC;PSDC;Não eleito;389;1115
MARIA HELENA DE ALMEIDA;PDT;PDT;Suplente;345;9916,89
MARIA JOSÉ ALMEIDA DA SILVA;SD;SD;Suplente;121;4027,1499999999
MARIA JOSÉ CÂNDIDO DOS SANTOS RAIMUNDO;PTB;PTB;Suplente;1066;7986
MARIA JOSE DA SILVA BEZERRA;PSOL;PSOL / PSTU;Suplente;351;1225
MARIA JOSE FUENTES;PTB;PTB;Suplente;589;2782,65
MARIA JOSETANIA DE OLIVEIRA TEIXEIRA;PRP;PHS / PRP;Não eleito;539;312,5
MARIA LUCIA FERNANDES;PEN;PEN;Não eleito;173;1010
MARIA LUCIA PRANDI GOMES;PT;PT / PC do B;Suplente;26362;325814,97999999
MARIA MARGARETE SANTANA DA SILVA;PRB;PRB;Suplente;495;11930,74
MARIA MODESTINO ALVES;PT;PT / PC do B;Suplente;4820;60184,75
MARIA TERESINHA DE JESUS PEDROZA;PTB;PTB;Suplente;21091;70286,33
MARIA VANUSIA LIMA DOS REIS;PSOL;PSOL / PSTU;Suplente;585;748,75
MARIA ZULEU BEZERRA DA SILVA;SD;SD;Suplente;888;15852,91
MARIANA CONTI TAKAHASHI;PSOL;PSOL / PSTU;Suplente;16914;47142,889999999
MARINA MEDEIROS QUEIROZ DE MORAES;PV;PV;Não eleito;0;0
MARINA PEREIRA DA CRUZ;PV;PV;Suplente;94;6000
MARINA SILVA SANCHES;PV;PV;Suplente;370;0
MARINALVA DE SOUZA;PTN;PSL / PTN / PMN / PTC / PT do B;Suplente;176;5960,27
MARINES BATISTA MAGRI CAMPOS;PMDB;PMDB / PROS / PP / PSD;Suplente;2742;19466,7
MÁRIO LUIZ GUIDI;PSB;PSB;Suplente;11354;126089,5
MARIO PINHEIRO FERNANDES;PHS;PHS / PRP;Não eleito;508;1095,5
MARIO REGIO;PSB;PSB;Suplente;450;8150,09
MÁRIO WILSON PEDREIRA REALI;PT;PT / PC do B;Suplente;52112;2410825,73
MARISA BAGANHA AZEVEDO E SÁ;PSB;PSB;Não eleito;0;7559,46
MARISA RITA RIELLO DEPPMAN;PSDB;PSDB / DEM / PPS;Suplente;19426;3190
MARIVAL DE JESUS BRUNO;PSL;PSL / PTN / PMN / PTC / PT do B;Suplente;804;6225,5
MARIVALDO RODRIGUES DE SOUZA;PHS;PHS / PRP;Não eleito;49;0
MARLENE SANTANA MIRA;PRB;PRB;Suplente;584;3178
MARLI JOSE DA SILVA BARBOSA;PPL;PPL;Não eleito;973;5200
MARLON MEIRA DOS SANTOS;PRTB;PRTB;Não eleito;735;7305,93
MATEUS EDUARDO PERISSINOTTO;PSC;PSC;Suplente;332;0
MATUSAEL DO NASCIMENTO;PSC;PSC;Suplente;19912;13095,47
MAURA APARECIDA DE PAULA;PT;PT / PC do B;Suplente;2090;45424
MAURICIO BARONI BERNARDINETTI;PMDB;PMDB / PROS / PP / PSD;Suplente;21694;100390,74999999
MAURICIO DA SILVA DE MORAES JUNIOR;PT;PT / PC do B;Suplente;5995;52502,489999999
MAURICIO DANIEL DE SOUZA;PRTB;PRTB;Não eleito;595;402,91
MAURICIO DE OLIVEIRA CARNEIRO;PMDB;PMDB / PROS / PP / PSD;Suplente;10946;126408,40999999
MAURICIO PEREIRA DOS SANTOS;PHS;PHS / PRP;Não eleito;3262;24351
MAURINO DE SOUZA AMERICO;PRP;PHS / PRP;Não eleito;394;312,5
MAURO BERNARDO PERFETTO;PR;PR;Suplente;460;5462,8
MAYARA GONÇALVES DA SILVA THOMAZINI;PRTB;PRTB;Não eleito;21;300,92
MAYRA ROSANNA GAMA DE ARAÚJO SILVA DA COSTA;PPS;PSDB / DEM / PPS;Suplente;13958;65913,459999999
MEIRE MORAES CAMARGO DIAS;PSDC;PSDC;Não eleito;84;666,1
MELQUIZEDEQUE LOPES DE SOUZA BARROS;PSC;PSC;Suplente;541;11326,84
MERCEDES BATISTA GENEBRA;PEN;PEN;Não eleito;150;54
MESSIAS JOAQUIM DA SILVA;PSDC;PSDC;Não eleito;228;0
MICHELE APARECIDA CAMARGO DO NASCIMENTO;PSC;PSC;Suplente;512;2000
MIGUEL LOMBARDI;PR;PR;Eleito por médi;32080;195145,51
MIGUEL MANSO PEREZ;PPL;PPL;Não eleito;14960;1335075,8999999
MIGUEL MOUBADDA HADDAD;PSDB;PSDB / DEM / PPS;Eleito por QP;168278;700492,45999999
MILTON ANTONIO CASQUEL MONTI;PR;PR;Eleito por QP;115942;2973591,4399999
MILTON JOSÉ APOLINÁRIO;PSB;PSB;Suplente;1509;0
MILTON SOARES MUCHIUTTE;PV;PV;Suplente;3868;54624
MIRANICE DOS SANTOS BARRETO;PV;PV;Suplente;195;284
MIRIAM DUQUE DE ALMEIDA;PSL;PSL / PTN / PMN / PTC / PT do B;Suplente;2881;17785,25
MIZAEL ROTTA DE ALMEIDA;PEN;PEN;Não eleito;1111;4932,4
MOACYR ALVES DE SOUZA;PSDC;PSDC;Não eleito;1038;3000
MOISES BARROS DE OLIVEIRA;PRTB;PRTB;Não eleito;691;1320,73
MOISES FUENTES FERNANDES;PRTB;PRTB;Não eleito;71;300,93
MÔNICA FERRE;PRTB;PRTB;Não eleito;240;400,92
MOYSÉS GOMES ARÔXA;PMDB;PMDB / PROS / PP / PSD;Suplente;325;20825,34
MYRIAN APARECIDA BOSCO MASSAROLLO;PMN;PSL / PTN / PMN / PTC / PT do B;Suplente;331;1354
NADIA RUBIO BACCHI;PRB;PRB;Suplente;2276;3627
NAILTON GOMES DA SILVA;PV;PV;Suplente;2232;715
NALIENE MOURA DA SILVA;PDT;PDT;Suplente;856;9916,89
NARA SANTANA DE OLIVEIRA;PRP;PHS / PRP;Não eleito;569;7984,9499999999
NARCIZO MINETTO JUNIOR;PV;PV;Suplente;10643;64804,07
NATÁLIA BRAGA COSTA PIMENTA;PCO;PCO;Não eleito;709;967,41999999999
NATALINO ANTONIO DA SILVA;PSDC;PSDC;Não eleito;2261;2520,3
NATHALIE POSSETTI SARPE;PV;PV;Suplente;2044;73622,699999999
NEIDE APARECIDA LEITE;PSD;PMDB / PROS / PP / PSD;Suplente;120;89365,099999999
NEIDE APARECIDA TAMEIRÃO COSER;PT;PT / PC do B;Suplente;780;2765,5
NELSON FERREIRA FILHO;PHS;PHS / PRP;Não eleito;2781;112679
NELSON GONÇALVES PINTO;PR;PR;Suplente;5489;112679
NELSON MARCELINO DA SILVA;PMDB;PMDB / PROS / PP / PSD;Suplente;632;17802,599999999
NELSON MARQUEZELLI;PTB;PTB;Eleito por QP;112711;2563009,7299999
NELSON ROBERTO BUGALHO;PV;PV;Suplente;49910;871523,3
NEURI LUCIA DA SILVA;SD;SD;Suplente;403;20850,649999999
NEUSA ANNANIAS DE MOURA;PHS;PHS / PRP;Não eleito;48;455
NEUSA DOS ANJOS RUOTOLO;PMN;PSL / PTN / PMN / PTC / PT do B;Suplente;45;1967
NEUZA DAS GRAÇAS SOARES DA SILVA;PTB;PTB;Suplente;671;0
NEUZA RODRIGUES MENDES;PSOL;PSOL / PSTU;Suplente;321;450
NEWTON LIMA NETO;PT;PT / PC do B;Suplente;74598;3672564,7199999
NEWTON LUIZ FERREIRA;PSDB;PSDB / DEM / PPS;Suplente;2702;72790
NEWTON RIBEIRO DINAMARCO;PRTB;PRTB;Não eleito;703;1002,85
NILTO IGNÁCIO TATTO;PT;PT / PC do B;Eleito por QP;101196;1844860,61
NILTON VENANCIO;PTC;PSL / PTN / PMN / PTC / PT do B;Suplente;156;1430
NOEMIA MARIA SANTANA;PMN;PSL / PTN / PMN / PTC / PT do B;Suplente;141;2219
NUBIA TERESINHA ELIAS CAETANO;PSC;PSC;Suplente;70;2000
OCTAVIANO AUGUSTO DE CAMPOS BUENO;PTB;PTB;Suplente;3189;5922,6499999999
ODAIR RODRIGUES FERNANDES;PR;PR;Suplente;9215;146250,8
ODECIO BRAGA DE LOUREDO FILHO;DEM;PSDB / DEM / PPS;Suplente;960;10709,46
ODETTE CARVALHO;SD;SD;Suplente;58;13871,31
ODMIR ALVES PEREIRA;PSB;PSB;Não eleito;0;6284,6
OLAIR PRADO DE OLIVEIRA;PHS;PHS / PRP;Não eleito;7625;38774,9
ONILDO JOSÉ DE OLIVEIRA;PMN;PSL / PTN / PMN / PTC / PT do B;Suplente;740;0
ONOFRE SANTOS NETO;PHS;PHS / PRP;Não eleito;3260;0
ORESTES LUIS TAMBOLIN;PSDB;PSDB / DEM / PPS;Suplente;5279;16189,5
ORLANDO SILVA DE JESUS JUNIOR;PC do B;PT / PC do B;Eleito por QP;90641;4829300,87
OSMAR ANTONIO DE ALMEIDA;PRP;PHS / PRP;Não eleito;281;0
OSMAR DE AZEVEDO;PR;PR;Suplente;1856;9694,5
OSVALDO DE OLIVEIRA;PSDC;PSDC;Não eleito;207;1729,01
OSVALDO FRANCESCHI JUNIOR;PV;PV;Suplente;8500;110079,16
OSVALDO PEREIRA DE OLIVEIRA;PTC;PSL / PTN / PMN / PTC / PT do B;Suplente;457;7855
OSVALDO RIBEIRO FILHO;PV;PV;Suplente;1329;5699,3
OSVALDO SANTOS DA SILVA;PT do B;PSL / PTN / PMN / PTC / PT do B;Suplente;285;1571,15
OSWALDO ANTONIO CAVALLARI SOBRINHO;PSB;PSB;Suplente;1437;8496,09
PAOLA ELIDE CHIARELLO;PV;PV;Não eleito;0;111,11
PATRICIA PINTO LACERDA;PSOL;PSOL / PSTU;Suplente;79;475
PAULA ALVES DO ROSÁRIO ARANHA;PSOL;PSOL / PSTU;Suplente;244;0
PAULA BALLARDINI SOUZA CAMPOS;PV;PV;Suplente;5131;81896,029999999
PAULA FERNANDA SAMPAIO;PRB;PRB;Suplente;323;3543,8599999999
PAULO ALEXANDRE LOPES;SD;SD;Suplente;6577;423872,5
PAULO CESAR DE OLIVEIRA LIMA;PMDB;PMDB / PROS / PP / PSD;Suplente;34298;553154,77999999
PAULO CESAR NEME;PSC;PSC;Suplente;10179;42209,909999999
PAULO DONIZETI SCALFI;PRB;PRB;Suplente;768;12395,62
PAULO EDUARDO DE BARROS;PHS;PHS / PRP;Não eleito;4097;33104
PAULO FERNANDO BARUFI DA SILVA;PTB;PTB;Suplente;11604;120859,92
PAULO GOMES JUNIOR;PTB;PTB;Não eleito;0;9376
PAULO HENRIQUE DE ALMEIDA PORTELA;PHS;PHS / PRP;Não eleito;987;0
PAULO HENRIQUE DO NASCIMENTO;PHS;PHS / PRP;Não eleito;24812;42992,56
PAULO HENRIQUE FERRAZ BASTOS;PSB;PSB;Não eleito;0;6204,4599999999
PAULO HUMBERTO LACERDA;SD;SD;Suplente;22339;501243,61
PAULO JACOB ROSAN;PMDB;PMDB / PROS / PP / PSD;Suplente;229;0
PAULO JESUS FRANGE;PTB;PTB;Suplente;28105;464448
PAULO JOSÉ MORLINE;PSB;PSB;Suplente;726;7304,46
PAULO KENJI SASAKI;PTB;PTB;Suplente;10442;31475,549999999
PAULO PEREIRA DA SILVA;SD;SD;Eleito por QP;227186;2859448,4999999
PAULO ROBERTO BAILLO;PSOL;PSOL / PSTU;Suplente;331;0
PAULO ROBERTO FREIRE DA COSTA;PR;PR;Eleito por QP;111300;2527829
PAULO ROBERTO GOMES MANSUR;PRB;PRB;Eleito por QP;31301;1889061,8799999
PAULO ROBERTO SOUTO DOS SANTOS;PHS;PHS / PRP;Não eleito;326;0
PAULO ROGERIO DE SOUZA FALCIROLLI;PSDC;PSDC;Não eleito;621;2823
PAULO SALIM MALUF;PP;PMDB / PROS / PP / PSD;Eleito por QP;250296;1175818
PAULO SÉRGIO BONGATER BASSOLI;PRB;PRB;Suplente;766;1850
PAULO SERGIO OLIVEIRA;PV;PV;Suplente;4902;30383
PAULO TASSO DINIZ;PTB;PTB;Suplente;1197;1200
PEDRO ANTONIO FRANCO;PT do B;PSL / PTN / PMN / PTC / PT do B;Suplente;103;1102,4
PEDRO CAMPOS DE QUEIROS;PMDB;PMDB / PROS / PP / PSD;Suplente;535;0
PEDRO GOMES DE ALMEIDA;PSDC;PSDC;Não eleito;2991;75455,5
PEDRO JOSÉ DE OLIVEIRA;PT;PT / PC do B;Suplente;2083;23014
PEDRO LUIZ VIVIANI;PMN;PSL / PTN / PMN / PTC / PT do B;Suplente;696;2390
PEDRO PAULO VIEIRA DE CARVALHO;PSOL;PSOL / PSTU;Suplente;574;3475
PEDRO SERAFIM JUNIOR;PDT;PDT;Suplente;42739;1633484,63
PEDRO TOMISHIGUE MORI;PSB;PSB;Não eleito;0;208823,41999999
PEDRO VICENTE TUZINO LEITE;PTB;PTB;Suplente;2788;11387,65
PÉRICLES FORMIGONI;PTB;PTB;Suplente;541;5047,3999999999
PLINIO ANTONIO BRITTO GENTIL;PSOL;PSOL / PSTU;Suplente;7406;75278,839999999
PLINIO FERNANDES MARTINS;PMDB;PMDB / PROS / PP / PSD;Suplente;1082;22136,88
POLLYANA FATIMA GAMA SANTOS;PPS;PSDB / DEM / PPS;Suplente;35854;92686,809999999
PRISCILA MARTINS  DOS SANTOS;PROS;PMDB / PROS / PP / PSD;Suplente;82;0
PROTÓGENES PINHEIRO DE QUEIROZ;PC do B;PT / PC do B;Suplente;27978;690735,89999999
RACHEL MORENO;PT;PT / PC do B;Não eleito;0;68773,5
RAFAEL CORREIA LISBOA;PSB;PSB;Suplente;198;23724,98
RAFAEL FELIPE DEMARCHI;PSD;PMDB / PROS / PP / PSD;Suplente;31583;1016338,8899999
RAFAEL GOFFI MOREIRA;PSDB;PSDB / DEM / PPS;Suplente;20568;205656,15999999
RAFAEL MARMO;PSOL;PSOL / PSTU;Suplente;1996;2890,4
RAIMUNDO LEITE LEMOS;PSOL;PSOL / PSTU;Suplente;371;984,1
RAIMUNDO NONATO ALVES BATISTA;PTN;PSL / PTN / PMN / PTC / PT do B;Suplente;1271;5850
RAIMUNDO NONATO DOS SANTOS SOUZA;PTC;PSL / PTN / PMN / PTC / PT do B;Suplente;693;845
RAUL BUENO ROSA JUNIOR;PRP;PHS / PRP;Não eleito;1552;4530
RAUL GIL JUNIOR;PR;PR;Suplente;5306;256589
REGINA FERREIRA DOS SANTOS SILVA;PSC;PSC;Suplente;30;1294,5699999999
REGINA HELENA DOS SANTOS FUKUSIG;PV;PV;Suplente;177;2000
REGINALDO BUENO ANDRADE;PSL;PSL / PTN / PMN / PTC / PT do B;Suplente;605;1100
REINALDO DOS SANTOS;PSD;PMDB / PROS / PP / PSD;Suplente;1984;11008,27
REINALDO LUIS ARCANDES ALVES FERREIRA;DEM;PSDB / DEM / PPS;Suplente;653;0
REINALDO SANTOS RAMOS;PT;PT / PC do B;Suplente;693;0
RELZA MARIA DO NASCIMENTO OLIVEIRA;PMDB;PMDB / PROS / PP / PSD;Suplente;183;10394,5
RENAN DIAS OLIVEIRA;PSOL;PSOL / PSTU;Suplente;1437;7888,67
RENAN MARINO;PRP;PHS / PRP;Não eleito;2598;7753,0999999999
RENAN THIAGO CALDATO BENTO GARCIA;PMN;PSL / PTN / PMN / PTC / PT do B;Suplente;2321;7780
RENATA HELLMEISTER DE ABREU;PTN;PSL / PTN / PMN / PTC / PT do B;Eleito por QP;86647;1680070,1199999
RENATO ARIEDI LIMA;PMDB;PMDB / PROS / PP / PSD;Suplente;5401;605077,72999999
RENATO CAMARGO NAPOLI;PEN;PEN;Não eleito;1677;23716,689999999
RENATO DE MATTEO REGINATTO;PSB;PSB;Suplente;40866;757529,13
RENÊ APPARECIDO FRANCO SOARES FILHO;PTB;PTB;Suplente;1183;65700,5
RICARDO ALVAREZ;PSOL;PSOL / PSTU;Suplente;6560;35985,4
RICARDO AMARAL;PRP;PHS / PRP;Não eleito;292;497,3
RICARDO ANTONIO BUAINAIN DIAS;PRB;PRB;Suplente;21205;174872,03999999
RICARDO AUGUSTO MACHADO DA SILVA;PDT;PDT;Suplente;98870;211389,89999999
RICARDO ELIAS IRALLA;PSOL;PSOL / PSTU;Suplente;978;50
RICARDO FASSIO CAVALCANTE CUNHA;PRB;PRB;Suplente;771;6640,5
RICARDO FERREIRA DOS SANTOS;PSB;PSB;Não eleito;0;1047,5
RICARDO IZAR JUNIOR;PSD;PMDB / PROS / PP / PSD;Eleito por QP;113547;2198453,67
RICARDO JOSE RUSSOMANNO AZEVEDO SOBRINHO;PMDB;PMDB / PROS / PP / PSD;Suplente;824;16007,74
RICARDO SIMÕES;PSOL;PSOL / PSTU;Suplente;243;2868,4
RICARDO YOSHIO;PRB;PRB;Suplente;14984;67823,86
RINALDO ALVES PEREIRA;PMDB;PMDB / PROS / PP / PSD;Suplente;1003;0
RIVAEL BENEDITO DE SOUZA;PSB;PSB;Suplente;22584;66067,709999999
ROBERTO ALVES DE LUCENA;PV;PV;Eleito por QP;67191;316915,53
ROBERTO ALVES RAUTENBERG;PTB;PTB;Suplente;42017;71772,789999999
ROBERTO ANTONIO ALVES;PRP;PHS / PRP;Não eleito;282;1767,5
ROBERTO CAVEANHA;PEN;PEN;Não eleito;1862;31000
ROBERTO GUASTELLI TESTASECCA;PSDB;PSDB / DEM / PPS;Suplente;8357;16208,45
ROBERTO JOAO PEREIRA FREIRE;PPS;PSDB / DEM / PPS;Suplente;62823;1957914,4599999
ROBERTO LUIZ DO NASCIMENTO;PDT;PDT;Suplente;119;0
ROBERTO MARCIAL LEME;PSC;PSC;Suplente;1356;147761,78
ROBERTO MIGUEL REY JUNIOR;PSC;PSC;Suplente;21371;50180,379999999
ROBERTO MOHAMED AMIN JUNIOR;PSB;PSB;Suplente;2523;0
ROBERTO NICOLAU FREIRE;PTN;PSL / PTN / PMN / PTC / PT do B;Suplente;560;3476
ROBERTO OLIVEIRA CARDOZO;SD;SD;Suplente;750;10283,15
ROBERTO RAMALHO TAVARES;PRB;PRB;Suplente;14651;83180,399999999
ROBERTO SEBASTIÃO PETERNELLI JUNIOR;PSC;PSC;Suplente;10953;119256,32999999
ROBERTO SHIZUO KUMASAKA;PV;PV;Suplente;958;1379,9
ROBERTO VICENTE;PRB;PRB;Suplente;761;38740,85
ROBERVAL CONTE LOPES LIMA;PTB;PTB;Suplente;73949;208694,01
ROBERVAL SAKAI BASTOS PINTO;PP;PMDB / PROS / PP / PSD;Suplente;25226;184315,75999999
ROBINSON GOMES DOS SANTOS;PSOL;PSOL / PSTU;Suplente;276;237,5
ROBSON GUIMARÃES DE PAULA;PTN;PSL / PTN / PMN / PTC / PT do B;Suplente;785;0
ROBSON OLIVEIRA BARBOSA;PEN;PEN;Não eleito;1233;0
ROBSON PEREIRA DE MOURA;PSC;PSC;Suplente;1483;16986,06
RODRIGO DA SILVA;PHS;PHS / PRP;Não eleito;0;5615
RODRIGO FERREIRA METTESTAINER;PV;PV;Suplente;999;0
RODRIGO GARCIA;DEM;PSDB / DEM / PPS;Eleito por QP;336151;2833320,4199999
RODRIGO HENRIQUE FERREIRA;PRP;PHS / PRP;Não eleito;203;0
RODRIGO OLIVEIRA;PP;PMDB / PROS / PP / PSD;Suplente;8316;96431,07
RODRIGO RODRIGUES PEDROSO;PSC;PSC;Suplente;2104;29401,839999999
RODRIGO VEIGA SIMÕES DE SOUZA;PP;PMDB / PROS / PP / PSD;Suplente;5626;38369,999999999
RODRIGO VIEIRA MARTINS;PSOL;PSOL / PSTU;Suplente;1067;0
ROGERIO BARRETO ALVES;PPS;PSDB / DEM / PPS;Suplente;17487;277004,45999999
ROGÉRIO CARVALHO;PSOL;PSOL / PSTU;Suplente;6556;11125
ROGERIO DE JESUS PAES;PTC;PSL / PTN / PMN / PTC / PT do B;Suplente;1788;6657
ROGERIO GARCIA DE OLIVEIRA;PDT;PDT;Suplente;2641;33633,889999999
ROGERIO LINS WANDERLEY;PTN;PSL / PTN / PMN / PTC / PT do B;Suplente;53380;177306,03
ROGERIO PEDROSA GARCIA DOS SANTOS;PV;PV;Suplente;108;0
ROGÉRIO RODRIGUES MATHIAS;PT;PT / PC do B;Suplente;16085;7680
ROLANDO BELTRAMINE ROLEMBERG;PMDB;PMDB / PROS / PP / PSD;Suplente;171;18815,34
ROMILDO ARAUJO DE SOUSA;PSL;PSL / PTN / PMN / PTC / PT do B;Suplente;401;2391,25
RONALDO DUCCESCHI FONTES;PTC;PSL / PTN / PMN / PTC / PT do B;Suplente;1661;10950
RONALDO ROCCELLO;PSDB;PSDB / DEM / PPS;Suplente;1210;0
RONALDO VLADEMIR FERREIRA;PRB;PRB;Suplente;10076;7863,9
RONDINELLI SALVADOR SILVA;PCB;PCB;Não eleito;181;0
ROQUE JOSE FERREIRA;PT;PT / PC do B;Suplente;7087;37043,4
ROQUE PINHEIRO GODOY;PTB;PTB;Suplente;2271;49590,699999999
ROSA RAMOS;PMDB;PMDB / PROS / PP / PSD;Suplente;882;26879,46
ROSALBA NERIS RODRIGUES;PV;PV;Suplente;46;5000
ROSÁLIA SILVA SANTANA;PRP;PHS / PRP;Não eleito;132;312,5
ROSALINA MARTINS DE SOUZA;PSOL;PSOL / PSTU;Suplente;174;460,6
ROSANA RIBEIRO ORTIZ BRIANESI;PEN;PEN;Não eleito;281;2000
ROSANGELA LOBO TEIXEIRA ZIZLER;PRP;PHS / PRP;Não eleito;1658;20522
ROSANGELA MUNIZ DE ARAUJO TOMAZ;PTN;PSL / PTN / PMN / PTC / PT do B;Suplente;502;27759,779999999
ROSANGELA RIBEIRO DE ASSIS;PDT;PDT;Suplente;925;27759,779999999
ROSEMARY DA SILVEIRA;PDT;PDT;Suplente;337;4383,89
ROSEMEIRE ALVES SILVEIRA;PHS;PHS / PRP;Não eleito;456;859
ROSEMEIRE RODOLFO;PSTU;PSOL / PSTU;Suplente;33;1238,54
ROSEMÉRI DO NASCIMENTO SUPPLIZI;PSDB;PSDB / DEM / PPS;Suplente;88;200
ROSENIL BARROS ORFAO;PT;PT / PC do B;Suplente;2333;64550,759999999
ROSICLER RIBEIRO CAMARGO;PRB;PRB;Suplente;1003;13022,62
ROSIMEIRE AVELINA DE JESUS;PHS;PHS / PRP;Não eleito;127;0
ROSIRIS MARGARIDA CÔNSOLO GOMES DA SILVA;PTB;PTB;Suplente;891;7882,6499999999
RUBENS BENEDITO FERNANDES;PROS;PMDB / PROS / PP / PSD;Suplente;5420;47989,619999999
RUBENS DE SOUZA FERNANDES;SD;SD;Suplente;607;17665,609999999
RUBENS EDUARDO DOCAMPO ANTONINI;PV;PV;Suplente;3700;2000
RUBENS GALLEONI FILHO;PSL;PSL / PTN / PMN / PTC / PT do B;Suplente;559;4390,75
RUBENS MASSASHI ITO;PSL;PSL / PTN / PMN / PTC / PT do B;Suplente;544;2484,25
RUBENS SHOZI NAKANO;SD;SD;Suplente;6486;169000,41
RUI SILVA RAMOS;PV;PV;Suplente;180;0
SALDANHA LEIVAS COUGO;PRB;PRB;Suplente;3445;15284,459999999
SALVADOR  ZIMBALDI FILHO;PROS;PMDB / PROS / PP / PSD;Suplente;65641;1326380,24
SALVADOR MORETTI;PRTB;PRTB;Não eleito;1457;3052,05
SAMANTHA OLIVEIRA PITA DO NASCIMENTO;PMDB;PMDB / PROS / PP / PSD;Suplente;1361;28991,09
SAMIR HADDAD JUNIOR;PRB;PRB;Suplente;554;3935,2399999999
SAMUEL FERREIRA DE ARAUJO;PRB;PRB;Suplente;522;2337,22
SAMUEL FERREIRA DIAS DA SILVA;PSB;PSB;Suplente;1583;7300,26
SAMUEL MOREIRA DA SILVA JUNIOR;PSDB;PSDB / DEM / PPS;Eleito por QP;227210;2811609,0899999
SAMUEL PEREIRA DOS SANTOS;PSOL;PSOL / PSTU;Suplente;885;150
SANDRA APARECIDA FONSECA TROIA;PV;PV;Suplente;368;0
SANDRA NOGUEIRA FERREIRA DA SILVA;PMDB;PMDB / PROS / PP / PSD;Suplente;842;9301
SANDRA REGINA DA SILVA;PT do B;PSL / PTN / PMN / PTC / PT do B;Suplente;645;2102,4
SANDRO DE LIMA SANTOS;PHS;PHS / PRP;Não eleito;896;320
SANDRO DOS SANTOS PEREIRA;PSOL;PSOL / PSTU;Suplente;9063;8366
SANDRO IRINEU DE LIRA;PRP;PHS / PRP;Não eleito;1270;53670,51
SANDRO MASTROBUONO;PRB;PRB;Suplente;479;12519,91
SANTOS GARCIA JUNIOR;PMN;PSL / PTN / PMN / PTC / PT do B;Suplente;1492;4538,5
SEBASTIÃO ATILIO DA SILVA;PSOL;PSOL / PSTU;Suplente;2065;23740
SEBASTIÃO PAULO DOS SANTOS;PSDC;PSDC;Não eleito;636;2342,5
SEBASTIAO PEREIRA DOS SANTOS;PMDB;PMDB / PROS / PP / PSD;Suplente;1213;58887,16
SEIJI KIKUTI;PSC;PSC;Suplente;491;4976,84
SENIVAL PEREIRA DE MOURA;PT;PT / PC do B;Suplente;75728;751274,77
SERGIO ABRAMO LOPES;PTB;PTB;Suplente;157;2103,9
SERGIO ANTONIO NECHAR;PSB;PSB;Suplente;50257;874038,55
SERGIO BAVINI;PRB;PRB;Eleito por QP;45330;1603281,89
SERGIO DA SILVA GRILLO;PTC;PSL / PTN / PMN / PTC / PT do B;Suplente;322;0
SÉRGIO DE OLIVEIRA MURBACK;PSDC;PSDC;Não eleito;208;3036
SERGIO FERNANDES FILHO;PRB;PRB;Suplente;7400;69591,029999999
SÉRGIO MORACIR CALIXTO;PRP;PHS / PRP;Não eleito;2327;91989,4
SERGIO OLIMPIO GOMES;PDT;PDT;Eleito por QP;179196;1008241,81
SERGIO STORTI;PSDB;PSDB / DEM / PPS;Suplente;795;4702
SEVERINO DOS RAMOS SANTOS SILVA;PRP;PHS / PRP;Não eleito;1434;0
SEVERINO TARCÍCIO DA SILVA;PSB;PSB;Suplente;9370;24835,36
SHIRLANDIA SALES NOVAIS;PSOL;PSOL / PSTU;Suplente;124;290
SHUY WEN SHIN;PHS;PHS / PRP;Não eleito;2590;48800
SIDNEI ROBERTSON CAMPERO;PV;PV;Suplente;1254;3868
SIDNEI SILVA DOS SANTOS;PHS;PHS / PRP;Não eleito;520;744
SILAS EDUARDO INKE;PDT;PDT;Suplente;518;0
SILAS EUSTÁQUIO VAZ;PTN;PSL / PTN / PMN / PTC / PT do B;Suplente;739;2650
SILENE ALVES DE ALMEIDA DE SOUZA;PRP;PHS / PRP;Não eleito;278;312,5
SILVANA APARECIDA DA SILVA;PT;PT / PC do B;Suplente;6959;26180,2
SILVANA DE BARROS OLIVEIRA;PSB;PSB;Suplente;161;0
SILVANA GUARNIERI;PTB;PTB;Suplente;1395;95745,1
SILVANA MARCONDES DA SILVA;PRP;PHS / PRP;Não eleito;472;342,5
SILVANI DE PAULA LIMA;PR;PR;Suplente;21221;198334,39999999
SILVIA VALENTE;PDT;PDT;Suplente;617;27521,77
SILVINEIDE SANTANA SANTOS;PSOL;PSOL / PSTU;Suplente;209;218,75
SILVINO ROQUE NETO;PMN;PSL / PTN / PMN / PTC / PT do B;Suplente;1109;3633
SILVIO ARRUDA;PRB;PRB;Suplente;2107;40323,54
SILVIO FERNANDES LAPACHINSKE;PV;PV;Suplente;624;1159,8999999999
SILVIO FRANÇA TORRES;PSDB;PSDB / DEM / PPS;Eleito por QP;175310;1960977,03
SILVIO RICARDO PICON;PRP;PHS / PRP;Não eleito;130;192,5
SILVIO ROCHA DE OLIVEIRA JUNIOR;PTN;PSL / PTN / PMN / PTC / PT do B;Suplente;1293;4050
SIMONE APARECIDA DOS SANTOS OLIVEIRA;PRB;PRB;Suplente;2479;24887,91
SIMONE MICHICO GAVA HIEDA;PRB;PRB;Suplente;57;4428
SINVAL MALHEIROS PINTO JUNIOR;PV;PV;Eleito por QP;59362;399362,43
SIRLENE ROSA DA SILVA;PRB;PRB;Suplente;121;4182,67
SOELLY MAGALHÃES DO VALLE;PSB;PSB;Suplente;639;13681,09
SOLANGE APARECIDA CELERE;PT;PT / PC do B;Suplente;5718;0
SOLANGE FATIMA DE MORAES;PRB;PRB;Suplente;383;3160,62
SONIA  REGINA MINTO;PHS;PHS / PRP;Não eleito;1442;908
SONIA CRISTINA GUIRADO CARDOSO;PT;PT / PC do B;Suplente;1424;59109
SONIA FRANCINE GASPAR MARMO;PPS;PSDB / DEM / PPS;Suplente;29289;132996,51
SONIA REGINA DE MENEZES ALVES;PMDB;PMDB / PROS / PP / PSD;Não eleito;0;3411,5
SONIA REGINA RODRIGUES BOSCARIOL;PSDC;PSDC;Não eleito;207;1331,5
SOOH HYUN SHIN;PMDB;PMDB / PROS / PP / PSD;Suplente;199;13726,09
STELA MARIA ATANAZIO;PRB;PRB;Suplente;564;11325,999999999
SUELEM ALINE MENDES SILVA;PT do B;PSL / PTN / PMN / PTC / PT do B;Suplente;1272;2377,4
SUELI APARECIDA BOETTO;PRTB;PRTB;Não eleito;244;1523,81
SUELI APARECIDA NOGUEIRA FERREIRA DA SILVA;PTB;PTB;Suplente;2142;5500
SUELI MARIA DE JESUS LAMENTE;PTC;PSL / PTN / PMN / PTC / PT do B;Suplente;21;550
SUELY BRITO DE MIRANDA;PRB;PRB;Suplente;3795;171604,19
SUZANA MARIA BASTOS GODOI;PTB;PTB;Suplente;124;3363,1999999999
SUZETE CHAFFIN;PSOL;PSOL / PSTU;Suplente;1069;14850
SUZETTE REGINA MOD SAAD;PHS;PHS / PRP;Não eleito;323;593
SYLVIO RODRIGUES JUNIOR;PMN;PSL / PTN / PMN / PTC / PT do B;Suplente;503;10247,029999999
TÂNIA DE CARVALHO FINOTO;PTB;PTB;Suplente;382;9438,8999999999
TANIA LOPES SHIBATA;PV;PV;Suplente;1759;20610,02
TARCISIO CANDIDO DE AGUIAR;PHS;PHS / PRP;Não eleito;876;9297
TARYK AL JAMAHIRIYA AGIO;PSOL;PSOL / PSTU;Suplente;78;0
TELEMACO TONETTI BORSARI;PDT;PDT;Suplente;6906;47296,19
TELMA FREGATE LIRA;PMN;PSL / PTN / PMN / PTC / PT do B;Suplente;167;3065
TEREZA DE CÁSSIA DA CONCEIÇÃO FONSECA;PSB;PSB;Suplente;88;0
THABADA KAORU YAMAUCHI;PRB;PRB;Suplente;5513;71815,6
THAIS REGINA BEILSTREIN;PSDC;PSDC;Não eleito;480;12133,279999999
THIAGO BELLEZZO;PTB;PTB;Suplente;628;5582,6499999999
THIAGO HENRIQUE DE ASSIS;PSB;PSB;Suplente;4222;19844,46
THIAGO TRINDADE DE AGUIAR;PSOL;PSOL / PSTU;Suplente;7841;85013,059999999
THOMAZ DE OLIVEIRA CAVEANHA;PTB;PTB;Suplente;13184;131008,51
VALCIR DA SILVA DOS SANTOS;PDT;PDT;Suplente;2868;0
VALDECI PACHECO DA SILVA;PT do B;PSL / PTN / PMN / PTC / PT do B;Suplente;551;1177,3999999999
VALDELICIO AZEVEDO DE ANDRADE;PV;PV;Suplente;135;0
VALDENEIDE LUCENA DA SILVA;PTC;PSL / PTN / PMN / PTC / PT do B;Suplente;158;707,5
VALDIR APARECIDO FUMIS;PSOL;PSOL / PSTU;Não eleito;0;1050
VALDIR ELIAS MARCELINO;PEN;PEN;Não eleito;1134;11810,95
VALDIR POLLETINI;PSB;PSB;Suplente;562;7246,09
VALDIR TIMOTEO LEITE;PRP;PHS / PRP;Não eleito;1044;38
VALMIR GOMES DE MELO;PSL;PSL / PTN / PMN / PTC / PT do B;Suplente;2100;0
VALMIR PRASCIDELLI;PT;PT / PC do B;Eleito por QP;84419;1523176,5999999
VALQUÍRIA DI TATA CAMPOS OLIVEIRA;PTB;PTB;Suplente;2062;5421,1499999999
VANDERLEI MACRIS;PSDB;PSDB / DEM / PPS;Eleito por QP;148449;2357202
VANDERLEI SIRAQUE;PT;PT / PC do B;Suplente;53285;1594943,4699999
VANDERLI FERREIRA DOURADO;PT;PT / PC do B;Suplente;5219;171096,48
VANESSA  COROQUER ZACARIAS;PSDB;PSDB / DEM / PPS;Suplente;3374;200
VANESSA FEDORYSZYN;PR;PR;Suplente;30;0
VANESSA RAMOS CABRAL;PSB;PSB;Suplente;197;786,63
VANIA MARQUESINI;PV;PV;Suplente;790;3464,5
VERA LUCIA DONDA SIMPLICIO BENTO;SD;SD;Suplente;54;2842,65
VERA LUCIA SANTOS DE FRANÇA;PR;PR;Suplente;414;5598
VERA REGINA HENNE GIL;PTB;PTB;Suplente;578;7339,2
VICENTE CANDIDO DA SILVA;PT;PT / PC do B;Eleito por QP;117652;4058648,5399999
VICENTE LEITE DE SOUZA;PSOL;PSOL / PSTU;Não eleito;0;0
VICENTE PAULO DA SILVA;PT;PT / PC do B;Eleito por QP;89001;1440155,23
VICTOR ALEXANDRE PERINA;PHS;PHS / PRP;Não eleito;32622;159480,95
VILMA APARECIDA DE ALMEIDA;PRB;PRB;Suplente;511;2816
VINÍCIUS COSTA SOUZA;PCO;PCO;Não eleito;568;967,41999999999
VINICIUS PETRONIO FERRAZ VIEIRA;PR;PR;Não eleito;0;4028
VINICIUS RAPOZO DE CARVALHO;PRB;PRB;Eleito por QP;80643;130297,58999999
VITOR JOSE SANTOS DE OLIVEIRA;PSOL;PSOL / PSTU;Suplente;5682;12437,799999999
VITOR LIPPI;PSDB;PSDB / DEM / PPS;Eleito por QP;176153;810435,95999999
VITÓRIO DA SILVA QUEIROZ;PRB;PRB;Suplente;257;6288,3199999999
VIVIAN ALBUQUERQUE SÁ;SD;SD;Suplente;191;43573,7
VIVIAN SILVA FONTES;PSC;PSC;Suplente;266;1909,5699999999
VLAMIR BERNARDES DA SILVA;PRB;PRB;Suplente;2079;133878
WAGNER OSWALDO NARDONI SELA;PV;PV;Suplente;1063;5316,54
WAGNER ROBERTO DOS SANTOS;PSDC;PSDC;Não eleito;351;0
WAINES MOREIRA ALVES;PT;PT / PC do B;Suplente;8191;2975,0999999999
WALDIR BENETTI;PHS;PHS / PRP;Não eleito;948;10479,7
WALDIR LUIZ LAMBERTI;PTB;PTB;Suplente;1816;7719,45
WALDO BARRETO JUNIOR;PTB;PTB;Suplente;1010;7719,45
WALTER BONETTI;PRTB;PRTB;Não eleito;513;1985,1799999999
WALTER FELIX;PV;PV;Suplente;799;24000
WALTER JOSÉ GONÇALVES JUNIOR;PSDC;PSDC;Não eleito;244;1854,6599999999
WALTER LUIZ DE AZEVEDO;PRP;PHS / PRP;Não eleito;737;4560
WALTER SHINDI IIHOSHI;PSD;PMDB / PROS / PP / PSD;Suplente;88070;2193309,74
WALTER VICIONI GONÇALVES;PMDB;PMDB / PROS / PP / PSD;Suplente;54134;389385,39999999
WANDERLEY DIOGO DE MELO;PRP;PHS / PRP;Não eleito;2657;4150
WASHINGTON DE SOUZA LIRA;PRP;PHS / PRP;Não eleito;289;0
WELINGTON APARECIDO ALFREDO;PEN;PEN;Não eleito;2610;195
WILIAN DA SILVA CORDEIRO;PSOL;PSOL / PSTU;Suplente;395;2000
WILLIAM BOSS WOO;PV;PV;Suplente;54186;1119068,74
WILLIAM CARDOSO;PV;PV;Suplente;202;0
WILLIAM FERREIRA DA SILVA JUNIOR;PMN;PSL / PTN / PMN / PTC / PT do B;Suplente;819;0
WILLIAM GHIRALDI CARDOSO DE OLIVEIRA;PEN;PEN;Não eleito;63;0
WILLIAM JOSE PWA;PSC;PSC;Suplente;1026;3931,9499999999
WILLIAM NUNES AFFONSO;PDT;PDT;Suplente;5048;54446,889999999
WILLIANS ROCHA MONTEIRO;PTC;PSL / PTN / PMN / PTC / PT do B;Suplente;135;1310
WILLY YU;PSOL;PSOL / PSTU;Suplente;212;1000
WILMA PIRANI AMORIM;PSB;PSB;Suplente;741;8014,46
WILMAR LUCIANO BARBOSA;PSDC;PSDC;Não eleito;178;1645,98
WILSON DE SOUZA COELHO;PDT;PDT;Suplente;1454;25700
WILSON DIAS RIBEIRO;PMDB;PMDB / PROS / PP / PSD;Suplente;232;17342,52
WINNITU DIEGO DA SILVA TOZADORE;PSDC;PSDC;Não eleito;462;1331,5
YOSSEF AKIVA BEN AVRAHAM PESSOA DE PAULA;PEN;PEN;Não eleito;9297;12480
ZAFIRA ADELAIDE SANTOS;PSOL;PSOL / PSTU;Suplente;238;925
ZÉLIA PINTO DA SILVA;PSDC;PSDC;Não eleito;149;1411,25
ZENAIDE GONÇALVES VIANA;PRP;PHS / PRP;Não eleito;229;0
ZENÓBIO TADEU HILDEBRANDO GODOI;PRP;PHS / PRP;Não eleito;129;1732,5
ZULMIRA FREITAS DE PAULA SOUZA;PMN;PSL / PTN / PMN / PTC / PT do B;Suplente;522;2086
